cluster	gene	PHD2cKO_p_val	PHD2cKO_avg_logFC	PHD2cKO_pct.1	PHD2cKO_pct.2	PHD2cKO_p_val_adj	WT_p_val	WT_avg_logFC	WT_pct.1	WT_pct.2	WT_p_val_adj	max_pval	minimump_p_val
4	Susd5	3.46148426985623e-111	0.829575169114486	0.459	0.001	5.09045876725056e-107	6.40258382922102e-196	0.962206805078227	0.657	0.009	9.41563977925243e-192	3.46148426985623e-111	1.28051676584422e-195
4	Rcan2	8.29433113206694e-81	0.887690282072662	0.527	0.02	1.21976433628176e-76	9.65956281725115e-162	1.22252133821454	0.724	0.041	1.42053530790495e-157	8.29433113206694e-81	1.93191256345029e-161
4	Npnt	2.81305067966428e-105	1.041844301536	0.486	0.005	4.13687232951429e-101	5.14913673126362e-157	1.33061022764606	0.586	0.016	7.57232047699629e-153	2.81305067966428e-105	1.02982734625275e-156
4	Myh11	1.48325318242679e-151	2.1640007003719	0.676	0.005	2.18127213007683e-147	5.04646376800273e-145	2.32683162944861	0.63	0.034	7.42132961722481e-141	5.04646376800273e-145	2.96650636485352e-151
4	Col18a1	5.21738394147935e-83	1.20088268519772	0.662	0.04	7.67268482433953e-79	1.13501377586054e-149	1.29740492251247	0.773	0.065	1.66915125878051e-145	5.21738394147935e-83	2.27002755172104e-149
4	Cnn1	1.85200550559936e-144	2.27285528786536	0.649	0.005	2.72355929653442e-140	3.78454393516917e-133	2.20765543240284	0.58	0.03	5.56555031105978e-129	3.78454393516917e-133	3.70401101119867e-144
4	Kcnmb1	1.5875409504362e-97	0.81496749127048	0.405	0.001	2.33463772171148e-93	3.16666374541673e-141	0.904087785056989	0.459	0.004	4.65689570400984e-137	1.5875409504362e-97	6.33332749083351e-141
4	Postn	3.47281491982597e-76	1.50211363497535	0.554	0.026	5.10712162109607e-72	4.78692392849614e-140	1.55225309149284	0.685	0.047	7.03965032924642e-136	3.47281491982597e-76	9.57384785699213e-140
4	Mylk	3.92684063809761e-89	2.15132649789667	0.797	0.068	5.77481184238635e-85	1.1232039006869e-138	1.73439254734749	0.785	0.085	1.65178365635015e-134	3.92684063809761e-89	2.24640780137386e-138
4	Map3k7cl	1.36540048431732e-77	0.740921326858742	0.351	0.003	2.00795795223706e-73	5.72496057984514e-136	0.819548263893793	0.459	0.006	8.41912702872026e-132	1.36540048431732e-77	1.14499211596901e-135
4	Mustn1	9.41024647926221e-68	2.02680181268836	0.865	0.121	1.3838708472403e-63	8.13755567154482e-136	1.97801630571415	0.867	0.124	1.19670893705738e-131	9.41024647926221e-68	1.62751113430893e-135
4	Hspb6	2.36210171027422e-94	1.34233525508153	0.568	0.018	3.47370677512927e-90	1.17721987951737e-135	1.32024656231917	0.652	0.044	1.73121955481825e-131	2.36210171027422e-94	2.35443975903477e-135
4	Tagln	3.37922822646278e-121	3.76710109747208	0.838	0.045	4.96949302983616e-117	6.75750364466959e-126	3.45221188358062	0.768	0.104	9.93758485985109e-122	3.37922822646278e-121	1.35150072893392e-125
4	Mtus2	3.46486270297365e-51	0.625804005231133	0.338	0.013	5.09542709099305e-47	3.14098056493922e-125	0.839263481839953	0.569	0.031	4.61912601879962e-121	3.46486270297365e-51	6.28196112987856e-125
4	Serpine2	1.51694678144132e-89	2.49276657869568	0.932	0.108	2.2308219367876e-85	4.26126394326259e-125	2.12338812540387	0.994	0.242	6.26661475496196e-121	1.51694678144132e-89	8.52252788652525e-125
4	Hspb7	6.37389005805666e-99	1.13939273961064	0.527	0.011	9.37344271937812e-95	5.07912915948516e-120	1.13095195351088	0.63	0.05	7.46936734193888e-116	6.37389005805666e-99	1.01582583189705e-119
4	Itga8	3.38957152388519e-91	1.59524315861786	0.5	0.012	4.98470388302556e-87	1.77902089483603e-117	1.712772335663	0.608	0.05	2.61622812794587e-113	3.38957152388519e-91	3.558041789672e-117
4	Ppp1r14a	6.05446350496004e-117	1.89496149445894	0.703	0.024	8.90369403039423e-113	5.93259850100921e-89	1.89079931254345	0.575	0.073	8.72447935558414e-85	5.93259850100921e-89	1.21089270099199e-116
4	Cspg4	4.86962445948286e-59	0.51540612569508	0.405	0.016	7.16126973011549e-55	1.14094358917936e-116	0.791190770048399	0.547	0.031	1.67787164224716e-112	4.86962445948286e-59	2.28188717835867e-116
4	Sh3bgr	4.51041246828955e-95	0.908464685627078	0.432	0.004	6.63301257586662e-91	2.36840306678007e-113	1.28032428535766	0.475	0.02	3.48297355000678e-109	4.51041246828955e-95	4.73680613356013e-113
4	Pdlim3	5.79926519618088e-68	0.903189176637208	0.446	0.017	8.5283993975036e-64	4.62494085078464e-113	1.04920603976618	0.53	0.032	6.80143801516388e-109	5.79926519618088e-68	9.24988170156937e-113
4	Ncam1	1.25279435798417e-94	1.01332219864376	0.514	0.011	1.84235938285151e-90	7.69080230946857e-113	1.09706795307014	0.624	0.054	1.13100938763045e-108	1.25279435798417e-94	1.53816046189373e-112
4	Gm13889	4.26753666676142e-65	0.848963107242194	0.311	0.004	6.27583942213935e-61	1.66799879657281e-112	1.02228529226348	0.431	0.012	2.45295903023998e-108	4.26753666676142e-65	3.33599759314558e-112
4	E030013I19Rik	7.69178374742832e-91	0.798748546210255	0.365	0	1.13115371789681e-86	7.65520939707624e-112	1.03505550929981	0.381	0.005	1.12577509393403e-107	7.69178374742832e-91	1.53104187941524e-111
4	Lmod1	4.5866831048913e-110	1.83260343577968	0.743	0.035	6.74517617405315e-106	3.4441197451134e-104	1.78024662732438	0.713	0.107	5.06492249716376e-100	3.4441197451134e-104	9.17336620978259e-110
4	Synpo2	9.8085750264084e-83	0.930986089670204	0.527	0.019	1.44244904338362e-78	1.26384674790659e-109	1.09348285530333	0.525	0.034	1.85861302747144e-105	9.8085750264084e-83	2.5276934958132e-109
4	Tpm2	2.62067745367766e-107	3.02714754132475	0.838	0.058	3.85396826337836e-103	4.94438979798894e-108	2.64542362729192	0.84	0.175	7.27121963692254e-104	2.62067745367766e-107	9.88877959597797e-108
4	Nexn	1.27792071849341e-89	1.17952821840389	0.635	0.031	1.87931020861641e-85	3.4293597252499e-107	1.23551432772178	0.63	0.065	5.04321641195251e-103	1.27792071849341e-89	6.85871945049989e-107
4	Rbpms2	3.79616266949746e-68	0.598974311710006	0.324	0.004	5.58263682176296e-64	2.3136825545447e-106	0.607435141955353	0.453	0.018	3.40250156471343e-102	3.79616266949746e-68	4.62736510908943e-106
4	Actg2	1.0079057535117e-60	1.00482333964958	0.243	0	1.4822262011143e-56	4.27440023049002e-105	1.44202520547801	0.381	0.008	6.28593297895862e-101	1.0079057535117e-60	8.54880046098005e-105
4	Fbxl22	3.7270525538998e-60	0.762677206123145	0.311	0.005	5.48100348576505e-56	8.69641074160306e-105	1.21499325655062	0.425	0.015	1.27889416366015e-100	3.7270525538998e-60	1.73928214832062e-104
4	Rgs4	2.29306774591065e-104	1.20371077298863	0.419	0	3.3721854271362e-100	8.24498966819754e-83	0.808871376683582	0.304	0.006	1.21250818060513e-78	8.24498966819754e-83	4.58613549182137e-104
4	Scube3	1.45147337401424e-70	0.454195422043322	0.311	0.002	2.13453674382535e-66	7.52198006057499e-104	0.544280831495502	0.343	0.003	1.10618238770816e-99	1.45147337401424e-70	1.50439601211501e-103
4	Rasl12	8.25234390948805e-101	0.927394665315547	0.554	0.013	1.21358969532931e-96	6.53344733673187e-94	0.769327484906837	0.492	0.037	9.60808765339788e-90	6.53344733673187e-94	1.65046878189762e-100
4	Itga7	8.6669536585664e-101	0.668663336496516	0.432	0.002	1.27456220502877e-96	3.70945699095975e-91	0.440256064316806	0.343	0.008	5.45512745090541e-87	3.70945699095975e-91	1.73339073171329e-100
4	Jph2	4.20358736878075e-45	0.401440581581243	0.257	0.006	6.18179558452898e-41	2.40269709781458e-99	0.610272821417936	0.414	0.015	3.53340635204613e-95	4.20358736878075e-45	4.80539419562922e-99
4	Sost	5.43784601857482e-28	0.68057401056449	0.162	0.005	7.99689635491613e-24	5.56676924919848e-98	2.0025283048772	0.448	0.025	8.18649085787128e-94	5.43784601857482e-28	1.11335384983971e-97
4	1190005I06Rik	1.03957462731893e-67	0.569799153786128	0.311	0.003	1.52879844693522e-63	1.15255972718418e-95	0.770361150573275	0.37	0.011	1.69495433479705e-91	1.03957462731893e-67	2.30511945436838e-95
4	Pde3a	2.73575747112685e-70	0.842205809507353	0.541	0.029	4.02320493703914e-66	3.05281955675559e-95	0.71044686691525	0.58	0.056	4.48947644016477e-91	2.73575747112685e-70	6.10563911351119e-95
4	Cpe	4.2859683592662e-59	1.81937047584376	0.878	0.157	6.30294506913687e-55	4.38734283105938e-95	1.7653146467446	0.972	0.329	6.45202636735592e-91	4.2859683592662e-59	8.77468566211876e-95
4	Smtn	9.88802424586499e-43	1.02206673845107	0.595	0.08	1.45413284559691e-38	7.78661140992796e-95	1.1429028830129	0.762	0.132	1.14509907394401e-90	9.88802424586499e-43	1.55732228198558e-94
4	Gucy1a1	1.33728241321946e-89	1.03421239092872	0.514	0.014	1.96660751688054e-85	1.36498705977452e-94	0.986115888611281	0.508	0.041	2.00734997010441e-90	1.33728241321946e-89	2.72997411954907e-94
4	Hspb2	3.81837974969619e-67	0.782137191051858	0.5	0.026	5.61530925990322e-63	1.77247118593795e-93	0.867012505657743	0.641	0.082	2.60659612604036e-89	3.81837974969619e-67	3.54494237187596e-93
4	Serpini1	2.22338676861107e-27	0.432410674165223	0.257	0.019	3.26971258191943e-23	3.17432038245922e-93	0.666088776778301	0.414	0.019	4.66815555444452e-89	2.22338676861107e-27	6.34864076491843e-93
4	Sgcg	3.30642354360145e-57	0.508458023955018	0.243	0.001	4.86242646322029e-53	1.87652370081076e-92	0.827021731413479	0.376	0.013	2.7596157544123e-88	3.30642354360145e-57	3.75304740162147e-92
4	Carmn	5.79070977062706e-83	0.898970574535424	0.459	0.011	8.51581778868416e-79	1.93364637572713e-92	0.863600588737035	0.475	0.034	2.84362036014431e-88	5.79070977062706e-83	3.86729275145431e-92
4	Npy1r	2.97284508074748e-37	0.463226804070318	0.243	0.009	4.37186597574724e-33	1.29476490997876e-89	0.666658327574484	0.365	0.013	1.90408127661476e-85	2.97284508074748e-37	2.58952981995755e-89
4	Hacd1	4.00340622435855e-38	0.976723514334704	0.527	0.071	5.88740919354168e-34	1.81552478981924e-89	0.84788732060133	0.58	0.068	2.66991075590818e-85	4.00340622435855e-38	3.63104957963849e-89
4	Nov	1.73553118045663e-45	0.951160762445398	0.405	0.029	2.55227215397952e-41	5.3108684831609e-89	1.44275957578131	0.536	0.055	7.81016319133642e-85	1.73553118045663e-45	1.06217369663218e-88
4	Thsd4	4.77786234688217e-38	0.271632194677037	0.216	0.005	7.02632436732491e-34	1.59340345231739e-88	0.463634927691978	0.348	0.01	2.34325911697796e-84	4.77786234688217e-38	3.18680690463484e-88
4	Myl9	3.21192272617488e-88	3.50661447928648	0.797	0.075	4.72345356111278e-84	4.04091660802704e-82	2.96162266802416	0.773	0.21	5.94257196376457e-78	4.04091660802704e-82	6.42384545234981e-88
4	Gucy1b1	5.99203673874149e-88	0.900184330796573	0.446	0.007	8.81188922799324e-84	2.84898746844068e-83	0.79438766644942	0.448	0.035	4.18972097108887e-79	2.84898746844068e-83	1.19840734774829e-87
4	Efhd1	4.29331733129955e-20	0.556030208016141	0.297	0.042	6.31375246740912e-16	1.8705440416983e-86	0.805152500958063	0.448	0.031	2.75082206772152e-82	4.29331733129955e-20	3.74108808339661e-86
4	Itih4	2.01837128920854e-73	1.3468820899637	0.365	0.005	2.96821681791009e-69	2.51061236137007e-86	1.27580478753102	0.376	0.017	3.69210653863082e-82	2.01837128920854e-73	5.02122472274016e-86
4	Cdo1	1.847606397993e-68	1.06029221336719	0.541	0.031	2.71708996888851e-64	2.86699622145826e-85	0.874632327858059	0.591	0.074	4.21620464327652e-81	1.847606397993e-68	5.73399244291661e-85
4	Gnai1	8.77379218967519e-38	0.374188968748985	0.365	0.027	1.29027387941363e-33	1.31525250299467e-84	0.594811847204382	0.492	0.042	1.93421033090396e-80	8.77379218967519e-38	2.63050500598933e-84
4	Actn1	2.27640825387525e-45	1.43993141429869	0.851	0.203	3.34768597814895e-41	3.15883389404713e-84	1.47492636882664	0.901	0.282	4.64538112458571e-80	2.27640825387525e-45	6.31766778809429e-84
4	Shisa4	5.6341879679694e-39	0.616517168046422	0.5	0.058	8.2856368256958e-35	5.28188909549206e-84	0.840421735271953	0.68	0.108	7.76754610383063e-80	5.6341879679694e-39	1.05637781909841e-83
4	Kank1	4.92598757096886e-35	0.519922201104887	0.419	0.045	7.2441573218668e-31	1.25589220771946e-83	0.759152621374679	0.552	0.063	1.84691508067224e-79	4.92598757096886e-35	2.51178441543889e-83
4	Limch1	4.78094825245799e-19	0.470431623682659	0.405	0.076	7.03086250006472e-15	4.40148824722905e-83	0.832223842378255	0.575	0.067	6.47282861637504e-79	4.78094825245799e-19	8.80297649445805e-83
4	Pls3	3.46888931390704e-32	1.22504216823142	0.865	0.31	5.10134862503169e-28	4.58332600797557e-83	1.33670688440282	0.95	0.351	6.74023922732888e-79	3.46888931390704e-32	9.16665201595125e-83
4	Smarcd3	9.21181537145287e-41	0.424592676134658	0.365	0.025	1.35468956852586e-36	6.746114635308e-83	0.645551411270198	0.481	0.042	9.92083618268395e-79	9.21181537145287e-41	1.34922292706161e-82
4	Cald1	2.19638470766634e-41	1.95757302185943	0.919	0.332	3.23000335109412e-37	7.28350405680111e-83	1.8645109802676	0.95	0.374	1.07111210659317e-78	2.19638470766634e-41	1.45670081136022e-82
4	Mylk4	2.97983411345682e-57	0.579393175706686	0.243	0.001	4.3821440472496e-53	2.08598030826495e-82	0.656295116723229	0.265	0.001	3.06764264133444e-78	2.97983411345682e-57	4.17196061652986e-82
4	Pcdh7	5.45167433756997e-47	1.04714208743342	0.595	0.072	8.0172322808304e-43	1.11740032469422e-80	1.15350727654836	0.663	0.115	1.64324891749531e-76	5.45167433756997e-47	2.23480064938847e-80
4	Wwp2	3.23990146411628e-37	1.13499169151873	0.541	0.077	4.7645990931294e-33	5.77948681342113e-80	1.06587821853499	0.729	0.154	8.49931330781712e-76	3.23990146411628e-37	1.15589736268423e-79
4	Lmcd1	1.876602204444e-33	0.988888537737903	0.622	0.111	2.75973120185534e-29	9.76530910915019e-80	1.29658685746965	0.751	0.154	1.43608635759163e-75	1.876602204444e-33	1.95306182183002e-79
4	Acta2	1.65852520240892e-79	4.34456744153527	0.865	0.116	2.43902716266256e-75	3.86777289588312e-75	3.69119347421008	0.862	0.354	5.68794682068571e-71	3.86777289588312e-75	3.31705040481781e-79
4	Optc	4.9281880394382e-41	0.514790683970892	0.189	0.002	7.24739333079781e-37	8.48901587765151e-79	0.76389428036192	0.287	0.006	1.24839467496743e-74	4.9281880394382e-41	1.69780317553032e-78
4	Enah	1.03683864808205e-46	0.733730903239462	0.541	0.056	1.52477491586947e-42	1.16116731516936e-78	0.725745633582781	0.53	0.058	1.70761265368806e-74	1.03683864808205e-46	2.32233463033875e-78
4	Aoc3	1.68198945953098e-78	0.815633956557436	0.405	0.007	2.47353369918626e-74	1.56528110468126e-72	0.554308024315895	0.337	0.018	2.30190239254426e-68	1.56528110468126e-72	3.36397891906193e-78
4	Tnc	8.59025222271701e-34	0.268394865508345	0.189	0.005	1.26328249187276e-29	2.00100348438552e-78	0.628729587724533	0.309	0.009	2.94267572413734e-74	8.59025222271701e-34	4.002006968771e-78
4	Clu	2.62022275109186e-35	2.77002395983912	0.689	0.154	3.85329957775569e-31	5.88413863413067e-78	2.62289368437894	0.906	0.335	8.65321427535256e-74	2.62022275109186e-35	1.17682772682614e-77
4	Vasn	1.94516250759992e-40	0.661274072867238	0.514	0.06	2.86055598367644e-36	2.51523003472669e-77	0.684238093072905	0.635	0.099	3.69889728906908e-73	1.94516250759992e-40	5.03046006945342e-77
4	Ptgis	2.57289529952953e-25	1.12229580265946	0.635	0.164	3.78369982748812e-21	2.88544610469708e-76	1.24971942221008	0.884	0.268	4.24333704156753e-72	2.57289529952953e-25	5.77089220939423e-76
4	Kcnab1	6.12747340488704e-35	0.423029842725194	0.27	0.015	9.01106238922688e-31	3.41140444557372e-75	0.560746847387472	0.354	0.019	5.01681137766071e-71	6.12747340488704e-35	6.82280889114753e-75
4	Lgr6	3.66865284570984e-57	0.406502047327547	0.243	0.001	5.39512087490089e-53	3.59997343179302e-75	0.444397079649386	0.304	0.01	5.29412092879481e-71	3.66865284570984e-57	7.19994686358597e-75
4	Tpm1	4.06147684477228e-44	2.08970331341141	0.892	0.277	5.97280784792211e-40	9.57463624196048e-75	1.9846490577993	0.901	0.354	1.40804600574271e-70	4.06147684477228e-44	1.91492724839212e-74
4	Ddit4l	6.21151353716987e-16	0.580838936712569	0.135	0.009	9.13465180776201e-12	3.55766239102407e-74	0.5429578053161	0.354	0.019	5.23189831224e-70	6.21151353716987e-16	7.11532478204816e-74
4	Sncg	6.33184023312174e-59	1.80248669564467	0.743	0.1	9.31160424682882e-55	3.61565656989625e-74	1.7244483114037	0.58	0.094	5.31718455168943e-70	6.33184023312174e-59	7.23131313979262e-74
4	Tcap	1.80490813978405e-47	0.517653006914651	0.189	0	2.65429791036642e-43	9.91548544651156e-74	0.815196335866077	0.276	0.006	1.45817128976399e-69	1.80490813978405e-47	1.98309708930231e-73
4	Map3k20	3.39686948669388e-40	0.811510910786547	0.568	0.076	4.99543626713203e-36	3.31961737328734e-73	0.777123581110061	0.641	0.115	4.88182930915636e-69	3.39686948669388e-40	6.6392347465746e-73
4	Mrvi1	4.65094030770615e-67	0.584076833992825	0.378	0.009	6.83967281651266e-63	1.15834685422766e-72	0.494767701103606	0.381	0.027	1.7034648838272e-68	4.65094030770615e-67	2.3166937084553e-72
4	Pdgfa	3.58061755206012e-47	1.14851316347216	0.676	0.104	5.26565617205961e-43	2.63993201198802e-72	1.04167134540649	0.74	0.177	3.88228401682959e-68	3.58061755206012e-47	5.27986402397601e-72
4	Pcp4l1	1.63302082404355e-41	0.917014258222051	0.378	0.027	2.40152042383844e-37	3.41999827337604e-72	0.891272947507148	0.376	0.027	5.02944946082681e-68	1.63302082404355e-41	6.8399965467521e-72
4	Mfge8	1.09754618819219e-33	1.37505125624438	0.932	0.363	1.61405142435544e-29	8.07666592432823e-72	1.66489658835082	0.961	0.477	1.18775449083171e-67	1.09754618819219e-33	1.61533318486563e-71
4	Samd4	1.14741848655097e-53	0.809186478228386	0.595	0.058	1.68739362632185e-49	9.2093951812619e-71	0.689373671941309	0.575	0.088	1.35433365535638e-66	1.14741848655097e-53	1.84187903625239e-70
4	Csrp1	4.15481533409626e-42	2.01866607986515	0.892	0.286	6.11007143032195e-38	1.8463641406165e-70	1.77171071864154	0.901	0.354	2.71526310519063e-66	4.15481533409626e-42	3.69272828123301e-70
4	Atp1b2	2.60342922953189e-70	0.679812285754373	0.365	0.006	3.8286030249496e-66	3.99453381078745e-52	0.387620054213404	0.265	0.017	5.87436142214403e-48	3.99453381078745e-52	5.20685845906377e-70
4	St5	5.40168144485688e-53	0.924805802269067	0.486	0.037	7.94371273280653e-49	3.35103346190413e-70	1.04315506037576	0.525	0.076	4.92802980907621e-66	5.40168144485688e-53	6.70206692380818e-70
4	Snhg18	7.4215401339425e-38	1.01154121574949	0.757	0.163	1.09141169209758e-33	3.48556404521558e-70	0.990025803969873	0.884	0.26	5.12587048489403e-66	7.4215401339425e-38	6.97112809043108e-70
4	Enpp2	6.8100811876176e-31	0.62971266056476	0.284	0.02	1.00149053945104e-26	5.95122197662982e-70	0.835748302449213	0.481	0.056	8.75186703883181e-66	6.8100811876176e-31	1.19024439532596e-69
4	Adcy5	1.59801406751895e-37	0.534003049314391	0.338	0.024	2.35003948769336e-33	4.04443921094333e-69	0.602846210780228	0.398	0.034	5.94775230361326e-65	1.59801406751895e-37	8.08887842188664e-69
4	Fat1	5.03878376566086e-69	0.801480488694885	0.622	0.045	7.41003540578086e-65	4.47481713181429e-63	0.669211157268325	0.613	0.116	6.58066607404609e-59	4.47481713181429e-63	1.00775675313216e-68
4	Ldb3	1.05855935817104e-27	0.273988501074167	0.122	0.001	1.55671739212633e-23	1.22610147659573e-67	0.393299142046333	0.232	0.003	1.80310483148168e-63	1.05855935817104e-27	2.45220295319145e-67
4	Uchl1	6.20730554462014e-27	0.430502075734425	0.257	0.02	9.12846353391838e-23	1.31020299080787e-67	0.597100760076012	0.381	0.031	1.92678451828206e-63	6.20730554462014e-27	2.62040598161579e-67
4	Csrp2	8.33930101652434e-37	1.72798184236705	0.824	0.237	1.22637760749007e-32	3.26181219044309e-67	1.98755814549597	0.834	0.3	4.79682100726561e-63	8.33930101652434e-37	6.5236243808862e-67
4	Wif1	5.16474101716024e-52	0.65928825701915	0.257	0.004	7.59526813983585e-48	7.56812397853574e-67	1.10837169912122	0.298	0.014	1.11296831228347e-62	5.16474101716024e-52	1.51362479570714e-66
4	Fxyd1	5.25215289262023e-46	1.32634326588844	0.892	0.205	7.72381604388731e-42	1.00628473795166e-66	1.10306131653666	0.917	0.344	1.47984233563172e-62	5.25215289262023e-46	2.01256947590332e-66
4	Rasl11a	2.33470067530101e-66	1.19738907450984	0.554	0.036	3.43341081309767e-62	4.03025320003096e-66	0.784422984380622	0.58	0.096	5.92689035596553e-62	4.03025320003096e-66	4.66940135060199e-66
4	Ramp1	9.11510452819436e-15	0.583201880262726	0.446	0.123	1.34046727191626e-10	2.76496976162372e-66	1.1377212671812	0.685	0.165	4.06616453144384e-62	9.11510452819436e-15	5.52993952324742e-66
4	Mcam	2.93486887363969e-45	0.786406484168421	0.459	0.039	4.31601816557453e-41	2.85030500149444e-66	0.675941050805557	0.376	0.031	4.19165853519772e-62	2.93486887363969e-45	5.70061000298883e-66
4	Igfbp7	2.36464465597912e-32	1.59618696827092	0.973	0.518	3.47744643108289e-28	3.68631353969757e-65	1.23002360514521	1	0.643	5.42109269147925e-61	2.36464465597912e-32	7.37262707939511e-65
4	Tsc22d1	4.07764981863893e-20	1.0069078478279	0.811	0.336	5.99659182329042e-16	8.83796776789889e-65	1.08728815636301	0.917	0.349	1.29971153994721e-60	4.07764981863893e-20	1.7675935535798e-64
4	Speg	1.42680533383669e-36	0.417085141692101	0.324	0.022	2.09825992394023e-32	1.11795135422713e-64	0.531787809332367	0.409	0.041	1.64405926152642e-60	1.42680533383669e-36	2.23590270845425e-64
4	Tgfb1i1	1.02018993721211e-39	0.913860124860764	0.689	0.125	1.50029132166413e-35	1.63084017657825e-63	0.882482921489983	0.724	0.179	2.39831356367598e-59	1.02018993721211e-39	3.26168035315649e-63
4	Pdgfc	9.94918137165541e-22	0.464350441901833	0.351	0.053	1.46312661251565e-17	3.04452148233735e-63	0.648829043526888	0.409	0.044	4.47727329192531e-59	9.94918137165541e-22	6.08904296467465e-63
4	Cryab	7.76627924012375e-47	1.3651320208157	0.865	0.192	1.1421090250526e-42	9.2959789558626e-63	1.05073548234892	0.89	0.307	1.36706666524915e-58	7.76627924012375e-47	1.8591957911725e-62
4	Tspan2	2.89762573719207e-16	0.355372892254947	0.338	0.063	4.26124840911465e-12	3.29408223396612e-62	0.481616104630919	0.442	0.049	4.84427733327058e-58	2.89762573719207e-16	6.58816446793219e-62
4	Kalrn	4.25304633765475e-31	0.45979455542831	0.284	0.02	6.25452994415507e-27	5.15618378776249e-61	0.364269929323233	0.309	0.019	7.58268387828351e-57	4.25304633765475e-31	1.03123675755249e-60
4	Dmpk	2.75714634236909e-44	0.680039344322228	0.432	0.036	4.05465941108798e-40	6.30403419193629e-61	0.660880835308937	0.442	0.057	9.2707126826615e-57	2.75714634236909e-44	1.26080683838724e-60
4	Adarb1	2.28269224577804e-18	0.273677146847801	0.365	0.063	3.35692721664119e-14	7.02833846277258e-61	0.493123598640347	0.508	0.075	1.03358745433534e-56	2.28269224577804e-18	1.4056676925545e-60
4	Acan	1.25405649334309e-41	0.925056778049463	0.203	0.003	1.84421547911035e-37	8.95855123312613e-60	0.878212394324704	0.227	0.006	1.31744454434353e-55	1.25405649334309e-41	1.79171024662526e-59
4	Sorbs2	4.63039583041831e-24	0.663603691743594	0.338	0.042	6.80946010821316e-20	3.24107255554583e-59	0.719395740012009	0.376	0.036	4.7663213001857e-55	4.63039583041831e-24	6.48214511109167e-59
4	Map1b	3.11622071770469e-34	1.32830665225153	0.662	0.143	4.58271418745652e-30	5.71953952755958e-58	1.3275728927237	0.696	0.2	8.41115482922912e-54	3.11622071770469e-34	1.14390790551193e-57
4	Bcam	1.13449041683563e-27	0.918682547516822	0.662	0.148	1.66838160699848e-23	1.02837926178492e-57	1.06434437851009	0.63	0.141	1.5123345423809e-53	1.13449041683563e-27	2.05675852356982e-57
4	Frzb	8.92721252045671e-56	1.40188273447173	0.554	0.047	1.31283587325836e-51	2.19278518448794e-57	1.44527385585242	0.58	0.124	3.22470989230796e-53	8.92721252045671e-56	4.38557036897589e-57
4	Smoc1	3.24821186136028e-57	0.810480492620479	0.527	0.038	4.77682036331642e-53	3.3402004786277e-42	0.657450803446671	0.597	0.157	4.9120988238699e-38	3.3402004786277e-42	6.49642372272055e-57
4	Vcl	3.88999081467767e-31	0.772324293845363	0.608	0.118	5.72062049206499e-27	4.26510426706797e-57	0.713106059317357	0.619	0.137	6.27226233515015e-53	3.88999081467767e-31	8.53020853413593e-57
4	Myom1	1.11792651515482e-32	0.289707824847957	0.23	0.01	1.64402273318668e-28	1.27363066043776e-56	0.357898937243037	0.293	0.019	1.87300124923978e-52	1.11792651515482e-32	2.54726132087552e-56
4	Cox4i2	3.89005292977686e-51	0.930469129255383	0.297	0.008	5.72071183852985e-47	2.29169571026061e-56	0.710233466024372	0.359	0.037	3.37016771150925e-52	3.89005292977686e-51	4.58339142052125e-56
4	Inhba	9.91698244675749e-51	0.680111646578999	0.392	0.021	1.45839143862016e-46	7.33095944065677e-56	0.623534301677716	0.453	0.065	1.07809089534298e-51	9.91698244675749e-51	1.46619188813135e-55
4	Dstn	1.36250911097533e-28	1.78602866053799	0.946	0.615	2.00370589860033e-24	1.04623965659214e-55	1.85145050023514	0.967	0.712	1.5386000389844e-51	1.36250911097533e-28	2.09247931318429e-55
4	Lpp	2.90867212994903e-32	1.30262009682604	0.743	0.215	4.27749323430305e-28	5.53718425914954e-55	1.20238368816954	0.729	0.244	8.14298317150532e-51	2.90867212994903e-32	1.1074368518299e-54
4	Rarres1	2.04722261677413e-43	0.613998018059304	0.351	0.02	3.01064558022804e-39	1.02056805397703e-54	0.988498664736978	0.381	0.046	1.50084738017862e-50	2.04722261677413e-43	2.04113610795408e-54
4	2310022B05Rik	2.5425462967656e-30	0.729050746760917	0.5	0.079	3.7390685840235e-26	1.88092521359435e-54	0.606573297152426	0.602	0.13	2.76608861911185e-50	2.5425462967656e-30	3.76185042718869e-54
4	2210407C18Rik	1.46877131631066e-50	0.757536426269543	0.216	0.001	2.15997509776646e-46	1.96117586906838e-54	0.888828376492672	0.232	0.009	2.88410523305196e-50	1.46877131631066e-50	3.92235173813675e-54
4	Mia	2.30478080249624e-51	0.457522325898318	0.243	0.003	3.38941064815097e-47	3.14481754610701e-54	0.712550908875109	0.232	0.009	4.62476868330497e-50	2.30478080249624e-51	6.28963509221401e-54
4	Dpysl3	2.74556296794631e-19	0.445148742360289	0.486	0.11	4.03762490066185e-15	4.30559945991441e-54	0.656206182804572	0.646	0.154	6.33181456575013e-50	2.74556296794631e-19	8.61119891982883e-54
4	Gm13861	4.36059508549281e-54	0.384086217818763	0.216	0	6.41269113272572e-50	4.65566966520772e-54	0.372506671631772	0.166	0	6.84662780965447e-50	4.65566966520772e-54	8.72119017098563e-54
4	Ttll7	5.85689022130462e-15	0.303424826491689	0.27	0.044	8.61314275945057e-11	1.24179458296526e-53	0.455156557212445	0.304	0.023	1.82618311370871e-49	5.85689022130462e-15	2.48358916593051e-53
4	Pdzrn4	2.74539809424075e-31	0.371069412129189	0.149	0.002	4.03738243739044e-27	1.3168291878344e-53	0.334877389608346	0.177	0.001	1.93652900362927e-49	2.74539809424075e-31	2.6336583756688e-53
4	Serpine1	3.35205182297049e-12	0.452411005990981	0.216	0.037	4.9295274108604e-08	2.02932391439308e-53	0.735591514385029	0.431	0.062	2.98432374850647e-49	3.35205182297049e-12	4.05864782878618e-53
4	Tm4sf1	4.24373007996065e-25	1.46905466453522	0.905	0.421	6.24082945559014e-21	3.2539788877013e-52	1.12125194482141	0.956	0.494	4.78530135225353e-48	4.24373007996065e-25	6.50795777540258e-52
4	Bmpr1a	7.67032087956681e-18	0.359197651655685	0.419	0.087	1.12799738854909e-13	8.5938837097373e-52	0.551997713395636	0.591	0.124	1.26381653835397e-47	7.67032087956681e-18	1.71877674194745e-51
4	Hspa2	9.15414681233587e-18	0.300681156539234	0.338	0.058	1.34620883022211e-13	1.20840758050369e-51	0.588927401240843	0.42	0.061	1.77708418788872e-47	9.15414681233587e-18	2.41681516100739e-51
4	Ppp1r12b	1.33554582164119e-24	0.473062850296376	0.378	0.054	1.96405368530553e-20	4.38770966164011e-51	0.753673155657196	0.453	0.075	6.45256582840795e-47	1.33554582164119e-24	8.77541932328026e-51
4	Ndrg2	6.64907961882002e-51	1.19741846358965	0.743	0.114	9.77813648743672e-47	6.1578078249276e-50	0.726978635430384	0.718	0.2	9.05567218733853e-46	6.1578078249276e-50	1.32981592376401e-50
4	Lhfp	5.77194379799503e-36	1.13532038340081	0.824	0.205	8.48822054933149e-32	1.88668483662951e-50	0.742353169232467	0.928	0.33	2.77455872074735e-46	5.77194379799503e-36	3.77336967325903e-50
4	Dtna	2.64971970451609e-50	0.469680010359138	0.27	0.005	3.89667779746136e-46	2.07971572157742e-42	0.325720608523632	0.221	0.015	3.05842994015175e-38	2.07971572157742e-42	5.2994394090322e-50
4	Cdc42ep3	5.83562224115832e-11	0.507007612886985	0.554	0.216	8.58186606784742e-07	3.69538839073217e-50	0.881543141878798	0.785	0.281	5.43443816741073e-46	5.83562224115832e-11	7.39077678146436e-50
4	Rgs5	2.9530202174308e-49	2.8186866963194	0.311	0.011	4.34271153175373e-45	7.03553658722908e-33	1.42828435210803	0.199	0.018	1.03464601051791e-28	7.03553658722908e-33	5.90604043486164e-49
4	Perp	4.26619563817834e-49	0.664115686244503	0.365	0.018	6.27386730550506e-45	7.09828719231048e-44	0.616456625413521	0.337	0.046	1.04387411450118e-39	7.09828719231048e-44	8.53239127635669e-49
4	Lox	2.52143211769191e-34	0.900095093493759	0.581	0.095	3.70801807227772e-30	5.26485454971277e-49	0.667597241192466	0.597	0.137	7.74249510080759e-45	2.52143211769191e-34	1.05297090994256e-48
4	Cap2	5.49245903080868e-35	0.26651238814192	0.203	0.005	8.07721025070725e-31	7.20438542784875e-49	0.35056158400473	0.271	0.02	1.05947692101944e-44	5.49245903080868e-35	1.44087708556975e-48
4	Gnb4	1.9211983933603e-13	0.455492962226649	0.405	0.106	2.82531435727566e-09	8.43297552069683e-49	0.531259835028518	0.641	0.158	1.24015338007368e-44	1.9211983933603e-13	1.68659510413937e-48
4	Dmd	1.06385581420157e-31	0.659605879020032	0.473	0.066	1.56450636036482e-27	8.57482561248668e-49	0.644337035831788	0.514	0.102	1.26101385457229e-44	1.06385581420157e-31	1.71496512249733e-48
4	Nrtn	2.82780901624241e-40	0.293734233744218	0.243	0.007	4.15857593928609e-36	9.14721210100672e-49	0.485834924682907	0.26	0.018	1.34518901157405e-44	2.82780901624241e-40	1.82944242020134e-48
4	Bgn	2.66443017838224e-32	1.34762175026665	0.919	0.337	3.91831102032893e-28	1.78371004355204e-48	1.05875340859462	0.989	0.573	2.62312399004762e-44	2.66443017838224e-32	3.56742008710408e-48
4	Hbegf	1.33585365242897e-09	0.266049856010611	0.176	0.031	1.96450638126205e-05	2.16549128383629e-48	0.413088094200981	0.26	0.018	3.18457148200964e-44	1.33585365242897e-09	4.33098256767258e-48
4	Cacna2d1	3.21773889949117e-22	0.348699880822864	0.365	0.055	4.73200682559172e-18	2.29273448976117e-48	0.438808376956627	0.448	0.073	3.37169534064278e-44	3.21773889949117e-22	4.58546897952236e-48
4	Notch3	1.95967184271388e-43	0.886810267757031	0.23	0.005	2.88189341189503e-39	4.80641957397462e-48	0.439476434569017	0.199	0.007	7.06832062548708e-44	1.95967184271388e-43	9.61283914794929e-48
4	Sod3	5.08748571595357e-29	1.2401769348373	0.811	0.233	7.48165649388132e-25	6.30069365577648e-48	0.977633836175332	0.934	0.38	9.26580009018488e-44	5.08748571595357e-29	1.2601387311553e-47
4	Trabd2b	2.36495381975266e-27	0.346359379405868	0.257	0.019	3.47790108732826e-23	8.87711724520142e-48	0.307067970811072	0.265	0.02	1.30546886207932e-43	2.36495381975266e-27	1.77542344904029e-47
4	Hspb1	5.05040190348645e-13	0.428130213354187	0.919	0.44	7.42712103926718e-09	2.35762093774027e-47	0.748207560048992	0.961	0.427	3.46711735104084e-43	5.05040190348645e-13	4.71524187548053e-47
4	Angpt2	5.85823626246102e-30	0.496816101733613	0.365	0.038	8.61512224757518e-26	4.09342838359107e-47	0.48903873152193	0.436	0.068	6.01979578090903e-43	5.85823626246102e-30	8.18685676718219e-47
4	CT025619.1	4.50707499786885e-21	0.371896130109762	0.351	0.053	6.62810449186594e-17	2.9000846455594e-46	0.423036900728651	0.464	0.081	4.26486447975966e-42	4.50707499786885e-21	5.80016929111884e-46
4	Dst	3.92257690317247e-21	0.732259390287614	0.73	0.237	5.76854159380544e-17	4.3253182161914e-46	0.754818555566737	0.796	0.28	6.36081296873107e-42	3.92257690317247e-21	8.65063643238281e-46
4	Htra1	7.14856533317626e-27	1.070280046733	0.743	0.2	1.0512680178969e-22	7.02640485856705e-46	0.847545206938838	0.878	0.324	1.03330309850087e-41	7.14856533317626e-27	1.40528097171342e-45
4	mt-Nd4	3.57026104687584e-23	0.750436623829976	0.973	0.922	5.25042589553562e-19	3.49114201213305e-45	0.715329272419396	0.989	0.946	5.13407344304287e-41	3.57026104687584e-23	6.98228402426608e-45
4	Myl6	6.83854922678288e-30	1.3573438008412	1	0.945	1.00567704929069e-25	4.6521089721228e-45	1.3681476916477	1	0.958	6.84139145440378e-41	6.83854922678288e-30	9.3042179442456e-45
4	Dsp	1.219164543706e-44	0.322265727268278	0.216	0.003	1.79290337797405e-40	1.6982088290226e-31	0.322501220625915	0.21	0.022	2.49738590396064e-27	1.6982088290226e-31	2.438329087412e-44
4	Mgp	3.16013559860652e-19	1.82345504150689	0.811	0.463	4.64729541131075e-15	1.52283466298041e-44	1.10825650311627	0.994	0.822	2.23948065537899e-40	3.16013559860652e-19	3.0456693259608e-44
4	Fermt2	1.22981615367209e-14	0.480695039410094	0.703	0.249	1.80856763559017e-10	2.73850594735675e-44	0.687315538488078	0.74	0.235	4.02724684618283e-40	1.22981615367209e-14	5.47701189471354e-44
4	Fblim1	1.15985854331167e-33	1.48177486596212	0.608	0.126	1.70568797379414e-29	3.6849962680821e-44	1.23641053094211	0.646	0.233	5.41915551184154e-40	1.15985854331167e-33	7.3699925361642e-44
4	Rbpms	2.4315476045178e-26	1.15324610827829	0.811	0.301	3.57583390720388e-22	1.01761714921054e-43	1.13804179040663	0.785	0.332	1.49650777962902e-39	2.4315476045178e-26	2.03523429842108e-43
4	Pdlim1	8.72378880824985e-13	0.454632514078095	0.662	0.256	1.28292038214122e-08	2.66869767277652e-43	0.73677051783615	0.696	0.223	3.92458679758516e-39	8.72378880824985e-13	5.33739534555305e-43
4	Fstl3	1.30414633576468e-41	0.517676151970042	0.419	0.035	1.91787760137554e-37	2.78053158894242e-43	0.445266681353589	0.403	0.067	4.08904975469872e-39	1.30414633576468e-41	5.56106317788488e-43
4	Spint2	9.30939894195949e-18	0.529399182005022	0.486	0.116	1.36904020840456e-13	4.36114489794915e-43	0.76208460354321	0.503	0.114	6.41349968692401e-39	9.30939894195949e-18	8.72228979589833e-43
4	Ctgf	5.17775490103829e-40	1.18357412134744	0.689	0.115	7.61440635746691e-36	8.64431828693396e-43	0.746521759156496	0.773	0.243	1.27123344727651e-38	5.17775490103829e-40	1.7288636573868e-42
4	Eln	7.89503184552779e-33	2.29814684328305	0.703	0.185	1.16104338320332e-28	2.4146702326132e-42	1.45581220085115	0.768	0.324	3.55101404408098e-38	7.89503184552779e-33	4.82934046522644e-42
4	Pth1r	3.91565815237103e-08	0.759005985410859	0.203	0.047	0.000575836687887684	3.02382234787196e-42	0.42214492804664	0.298	0.034	4.44683314478051e-38	3.91565815237103e-08	6.04764469574395e-42
4	Tnfrsf12a	4.01063375339588e-17	0.608192184037004	0.432	0.103	5.89803799774398e-13	3.23406208012927e-41	0.660826734285868	0.586	0.16	4.75601169503811e-37	4.01063375339588e-17	6.46812416025856e-41
4	Flna	5.71720643420826e-22	1.3264241120934	0.743	0.319	8.40772378214667e-18	7.16169262906341e-41	1.41901658102866	0.801	0.402	1.05319851803006e-36	5.71720643420826e-22	1.43233852581268e-40
4	Sulf1	3.28697367536843e-12	0.313898911343054	0.432	0.124	4.83382348699681e-08	1.56658869411746e-40	0.561716213207951	0.646	0.182	2.30382533356913e-36	3.28697367536843e-12	3.13317738823494e-40
4	Fbln5	3.14184618472428e-10	0.853681058315068	0.568	0.252	4.62039899925553e-06	1.7047298333713e-40	0.831549657646474	0.873	0.365	2.50697569295583e-36	3.14184618472428e-10	3.40945966674261e-40
4	Epdr1	1.95210577880548e-12	0.353272173282093	0.432	0.121	2.87076675831134e-08	1.74530560641811e-40	0.542848695919115	0.63	0.174	2.56664642479848e-36	1.95210577880548e-12	3.49061121283623e-40
4	mt-Cytb	2.85915243240198e-23	0.729219195350109	0.986	0.965	4.20466956709036e-19	1.9570629370246e-40	0.629846582608565	0.989	0.965	2.87805675518837e-36	2.85915243240198e-23	3.91412587404918e-40
4	Phldb2	9.32582601063285e-13	0.313233181323892	0.324	0.073	1.37145597312367e-08	2.14851742231946e-40	0.428826557738956	0.481	0.099	3.159609721263e-36	9.32582601063285e-13	4.29703484463892e-40
4	Hcfc1r1	3.06308986023626e-12	0.639583952196497	0.811	0.423	4.50457994846344e-08	3.75525140309718e-40	0.885002218844422	0.873	0.512	5.52247271339471e-36	3.06308986023626e-12	7.51050280619432e-40
4	Arhgef17	6.75395689305864e-40	0.422990879785378	0.297	0.015	9.93236900693204e-36	2.01317975850474e-28	0.256734378941599	0.238	0.035	2.96058215285706e-24	2.01317975850474e-28	1.35079137861174e-39
4	Hmgn3	8.15934419187812e-21	0.606723354376597	0.608	0.162	1.1999131568576e-16	6.96593753053355e-40	0.566413038094464	0.735	0.237	1.02441077324026e-35	8.15934419187812e-21	1.39318750610671e-39
4	Grb14	1.62081562059609e-39	0.350632213703312	0.297	0.015	2.3835714516486e-35	1.32773829930319e-31	0.360875462834579	0.271	0.041	1.95257194295527e-27	1.32773829930319e-31	3.2416312411922e-39
4	Stk38l	3.274529692641e-33	0.629345611435995	0.419	0.047	4.81552336599786e-29	3.74430292348318e-39	0.422527258498393	0.392	0.071	5.50637187927437e-35	3.274529692641e-33	7.48860584696642e-39
4	Pam	7.90555699684266e-23	0.998086599067989	0.851	0.301	1.16259121195568e-18	3.78569719598031e-39	0.684617180647282	0.895	0.388	5.56724629640864e-35	7.90555699684266e-23	7.57139439196067e-39
4	Nox4	3.04452268954246e-22	0.625656131803217	0.459	0.09	4.47727506724114e-18	7.18883810557616e-39	0.528238739484031	0.569	0.149	1.05719053180603e-34	3.04452268954246e-22	1.43776762111523e-38
4	Foxs1	7.60856440304638e-39	0.578008314611076	0.365	0.027	1.118915481112e-34	5.30381037457193e-20	0.293320789360822	0.343	0.096	7.79978353684548e-16	5.30381037457193e-20	1.52171288060929e-38
4	Cavin3	1.60372623954439e-20	0.934035803691977	0.905	0.359	2.35843980787398e-16	8.51164640182388e-39	0.757146363042506	0.895	0.387	1.25172271985222e-34	1.60372623954439e-20	1.70232928036479e-38
4	Actn4	7.68541311147973e-17	0.710758223894949	0.77	0.342	1.13021685217421e-12	1.48661433654694e-38	0.689006846558071	0.829	0.349	2.18621504332593e-34	7.68541311147973e-17	2.97322867309386e-38
4	Pbxip1	5.6743224376047e-14	0.65128770804219	0.581	0.216	8.34465857674147e-10	1.96965296828701e-38	0.882129550842376	0.729	0.301	2.89657165516288e-34	5.6743224376047e-14	3.93930593657405e-38
4	Fn1	7.79901214380164e-16	1.53411925522404	0.703	0.276	1.14692272586747e-11	2.07842545893575e-38	1.58949836817188	0.729	0.306	3.05653247991092e-34	7.79901214380164e-16	4.15685091787154e-38
4	Clic4	8.72580626682943e-13	0.53307891772972	0.73	0.344	1.28321706959994e-08	2.62497468507652e-38	0.665469533545416	0.878	0.461	3.86028777187352e-34	8.72580626682943e-13	5.24994937015304e-38
4	Heyl	3.70002507314293e-38	0.558922412188522	0.419	0.039	5.44125687256399e-34	5.16303353933516e-24	0.420710183437763	0.37	0.099	7.59275712294628e-20	5.16303353933516e-24	7.40005014628584e-38
4	Tnfrsf11b	6.9076768272699e-34	1.13482816837924	0.338	0.027	1.01584295421831e-29	6.06714931990553e-38	1.56113593851458	0.442	0.1	8.92234978985307e-34	6.9076768272699e-34	1.21342986398111e-37
4	Pi15	6.52591091794512e-38	0.666068623966679	0.446	0.046	9.59700459593009e-34	4.33683522429668e-36	0.533344500681672	0.425	0.092	6.37774988085069e-32	4.33683522429668e-36	1.30518218358902e-37
4	Tmem38b	6.77187008407269e-18	0.415291627116389	0.473	0.113	9.95871214563729e-14	6.88713298543075e-38	0.460757930544273	0.497	0.12	1.01282177683745e-33	6.77187008407269e-18	1.37742659708616e-37
4	Fhl1	5.85033622141203e-24	1.34952100321934	0.716	0.243	8.60350444720854e-20	6.97655238182317e-38	0.92872206456723	0.845	0.364	1.02597179327092e-33	5.85033622141203e-24	1.39531047636465e-37
4	Gjc1	2.44617121576713e-23	0.496331455627477	0.257	0.025	3.59733938990715e-19	8.44599435137872e-38	0.337034367664698	0.238	0.023	1.24206792931375e-33	2.44617121576713e-23	1.68919887027575e-37
4	Cyr61	5.64587005922243e-23	0.838495170652164	0.608	0.146	8.3028165090925e-19	9.73615501169172e-38	1.04826628279493	0.691	0.251	1.43179895601938e-33	5.64587005922243e-23	1.94723100233834e-37
4	Col2a1	1.83334937011642e-37	1.30407160209492	0.162	0.001	2.6961235836932e-33	6.07558530129697e-17	2.67860765085664	0.282	0.088	8.93475574408732e-13	6.07558530129697e-17	3.66669874023286e-37
4	Srpx2	9.8844951959907e-18	0.479899824721064	0.284	0.043	1.45361386352239e-13	2.8121143172981e-37	0.547483865506579	0.315	0.049	4.13549531501858e-33	9.8844951959907e-18	5.6242286345962e-37
4	Ngef	1.64597530462311e-24	0.300724934490137	0.162	0.006	2.42057128297875e-20	3.25990496966387e-37	0.256810296160553	0.215	0.018	4.79401624838769e-33	1.64597530462311e-24	6.51980993932774e-37
4	Thra	8.32114976823944e-19	0.667247558389503	0.608	0.178	1.22370828491729e-14	3.59798664437776e-37	0.584862965962695	0.707	0.239	5.29119915922194e-33	8.32114976823944e-19	7.19597328875549e-37
4	Vim	1.44796255960982e-15	0.921982108929956	0.973	0.74	2.1293737401622e-11	4.11441115863971e-37	0.884039232889956	0.994	0.818	6.05065304989555e-33	1.44796255960982e-15	8.22882231727945e-37
4	Id4	6.44505302694602e-37	0.358941076287943	0.243	0.009	9.47809498142681e-33	6.10271220769529e-28	0.33838738752661	0.221	0.03	8.97464857263669e-24	6.10271220769529e-28	1.2890106053892e-36
4	Nkd1	1.14282852421197e-35	0.354653093231397	0.27	0.014	1.68064362770613e-31	6.94271279598846e-37	0.469490351587791	0.315	0.048	1.02099534377806e-32	1.14282852421197e-35	1.38854255919769e-36
4	Gpx8	3.47836949515799e-25	0.693797579468907	0.73	0.186	5.11529017957934e-21	7.66899885778912e-37	0.498320018962299	0.856	0.307	1.12780297202647e-32	3.47836949515799e-25	1.53379977155783e-36
4	Map1lc3a	2.5438017979027e-14	0.607562521388023	0.77	0.372	3.7409149239957e-10	9.17935719384747e-37	0.727971416161975	0.923	0.485	1.34991626892721e-32	2.5438017979027e-14	1.83587143876949e-36
4	Ak1	1.22636625441396e-17	0.359075771050114	0.338	0.059	1.80349421374117e-13	9.47032057083912e-37	0.399092404412938	0.508	0.122	1.3927053431476e-32	1.22636625441396e-17	1.89406411416784e-36
4	2010111I01Rik	5.44724997980363e-10	0.412217651583801	0.608	0.255	8.01072582029922e-06	1.41273023688282e-36	0.643718912767624	0.812	0.359	2.07756108635988e-32	5.44724997980363e-10	2.82546047376564e-36
4	4930523C07Rik	1.44667337727342e-11	0.484963044807882	0.703	0.307	2.12747786861829e-07	1.60182562626118e-36	0.576178910702782	0.807	0.328	2.35564476597969e-32	1.44667337727342e-11	3.20365125252239e-36
4	Cfl2	3.26529008622961e-13	0.526720235176506	0.608	0.226	4.80193560080927e-09	1.64915689731623e-36	0.685359837805392	0.751	0.304	2.42525013319325e-32	3.26529008622961e-13	3.29831379463248e-36
4	Col27a1	1.79559966258599e-36	0.682338816013722	0.297	0.017	2.64060886379896e-32	8.70261732577948e-20	0.48119937658209	0.265	0.065	1.27980690392913e-15	8.70261732577948e-20	3.59119932517197e-36
4	Nudt4	1.86186713510006e-21	0.795928300377075	0.703	0.235	2.73806180887815e-17	2.20478880581334e-36	0.755373745828657	0.801	0.355	3.2423624178291e-32	1.86186713510006e-21	4.40957761162668e-36
4	Ltbp1	2.67576022658205e-17	0.645933406713261	0.554	0.163	3.93497298921156e-13	2.63239498453198e-36	0.680122445751278	0.685	0.233	3.87120006425272e-32	2.67576022658205e-17	5.26478996906395e-36
4	Emp2	6.99461910264142e-20	0.542933426330472	0.541	0.132	1.02862868523445e-15	3.26048802314612e-36	0.480983632170249	0.707	0.224	4.79487368683869e-32	6.99461910264142e-20	6.52097604629225e-36
4	Rrad	1.45108781057912e-26	0.665604291938109	0.446	0.071	2.13396973423766e-22	3.62142004604641e-36	0.809196544854338	0.508	0.142	5.32566031971586e-32	1.45108781057912e-26	7.24284009209283e-36
4	Ecm2	3.02058999986683e-20	0.621934864939396	0.568	0.139	4.44207965380416e-16	3.84904920701898e-36	0.686027783966579	0.685	0.236	5.66041176384211e-32	3.02058999986683e-20	7.69809841403801e-36
4	Ldhb	6.79675776333721e-14	0.445261572620122	0.392	0.1	9.9953119667637e-10	3.96596740354451e-36	0.517863139876184	0.58	0.168	5.83235166365256e-32	6.79675776333721e-14	7.93193480708902e-36
4	Tinagl1	4.83547491810863e-13	0.60568206756499	0.595	0.203	7.11104941457055e-09	4.43174499111627e-36	0.529966493305548	0.525	0.125	6.51732418393558e-32	4.83547491810863e-13	8.86348998223255e-36
4	Plin4	3.10776668764055e-35	0.295308790749612	0.257	0.012	4.57028169084419e-31	5.65777050722363e-36	0.336238340502681	0.265	0.032	8.32031730792307e-32	3.10776668764055e-35	1.13155410144473e-35
4	Phtf2	2.38617023608205e-22	0.289228047111051	0.257	0.026	3.50910194918226e-18	5.97139532599566e-36	0.325976798645579	0.238	0.025	8.78153396640922e-32	2.38617023608205e-22	1.19427906519914e-35
4	mt-Co3	4.99165404744124e-18	0.529565668146041	0.986	0.975	7.34072644216709e-14	1.02062970884548e-35	0.533657175970645	0.994	0.975	1.50093804982816e-31	4.99165404744124e-18	2.04125941769097e-35
4	Sparc	1.02104692752936e-20	1.1151498417247	0.986	0.528	1.50155161162468e-16	1.19211375184929e-35	1.81676917238506	0.994	0.675	1.75312248346957e-31	1.02104692752936e-20	2.38422750369859e-35
4	Slmap	4.03653358858191e-23	0.770478733735879	0.581	0.146	5.93612629536856e-19	2.88515320366961e-35	1.02561397776598	0.602	0.232	4.24290630131653e-31	4.03653358858191e-23	5.77030640733926e-35
4	P3h4	1.38399276398308e-10	0.257818733194013	0.378	0.109	2.03529975871352e-06	3.56158088159813e-35	0.492178062569351	0.58	0.17	5.2376608444782e-31	1.38399276398308e-10	7.12316176319624e-35
4	Myh10	7.03162872977079e-22	0.581874635963379	0.419	0.076	1.03407132100009e-17	5.4760303604942e-35	0.606736204554898	0.459	0.115	8.05305024814277e-31	7.03162872977079e-22	1.09520607209884e-34
4	Ift43	1.0909035864463e-34	0.77973387349985	0.581	0.095	1.60428281422793e-30	4.58886115380062e-33	0.50245033533764	0.541	0.165	6.7483792127792e-29	4.58886115380062e-33	2.1818071728926e-34
4	Cyb5r3	1.25198363414743e-22	0.917795531669536	0.905	0.466	1.84116713237721e-18	1.8469372104238e-34	0.725028985830824	0.856	0.517	2.71610586164924e-30	1.25198363414743e-22	3.69387442084763e-34
4	Rock1	1.62268406031768e-09	0.64765595288007	0.649	0.349	2.38631917910318e-05	2.56143178495418e-34	0.887616347836761	0.796	0.392	3.76684158295362e-30	1.62268406031768e-09	5.12286356990836e-34
4	Rgs7bp	1.34268631201435e-28	0.311569680729365	0.203	0.009	1.97455449044831e-24	3.36646909536905e-34	0.320710124146632	0.221	0.023	4.95072945164973e-30	1.34268631201435e-28	6.73293819073812e-34
4	Crlf1	4.85637718256407e-25	0.5571240645719	0.311	0.034	7.14178828467872e-21	3.42006800628686e-34	0.858678511326325	0.331	0.058	5.02955201004545e-30	4.85637718256407e-25	6.84013601257376e-34
4	Tspan3	2.95107382864782e-13	0.683027473002128	0.716	0.331	4.33984917240949e-09	5.55001761144709e-34	0.586858907623547	0.89	0.442	8.16185589939409e-30	2.95107382864782e-13	1.11000352228943e-33
4	Foxc1	1.29854908118927e-24	0.422480520737716	0.405	0.059	1.90964627879695e-20	6.99978100073441e-34	0.361608186338649	0.425	0.094	1.029387793968e-29	1.29854908118927e-24	1.39995620014689e-33
4	Palld	2.36243878463891e-20	0.75641961961621	0.405	0.079	3.47420247668998e-16	1.08755208568814e-33	0.687076712528623	0.448	0.109	1.59935409721297e-29	2.36243878463891e-20	2.17510417137627e-33
4	Ptges3l	1.27892967827935e-20	0.257679692538131	0.203	0.016	1.88079398487762e-16	1.21907678785414e-33	0.306783944768072	0.26	0.034	1.79277432421831e-29	1.27892967827935e-20	2.4381535757083e-33
4	Itga9	9.23169144224579e-22	0.471515957076121	0.351	0.054	1.35761254349667e-17	1.2474524290709e-33	0.58257965164646	0.431	0.107	1.83450354219166e-29	9.23169144224579e-22	2.49490485814179e-33
4	Fkbp10	1.15248158068214e-22	0.49627794407029	0.432	0.077	1.69483941255116e-18	1.60041439877789e-33	0.485588049568908	0.47	0.12	2.35356941484276e-29	1.15248158068214e-22	3.20082879755578e-33
4	Cd200	3.27243560024395e-13	0.694563111983395	0.797	0.378	4.81244379371876e-09	2.31560206160273e-33	0.635999238843819	0.912	0.417	3.40532439179297e-29	3.27243560024395e-13	4.63120412320544e-33
4	Wfdc1	1.07766927347332e-19	0.554053036770064	0.378	0.067	1.58482043356987e-15	2.74884652094429e-33	0.606963956696396	0.586	0.179	4.04245369370067e-29	1.07766927347332e-19	5.49769304188856e-33
4	Tns1	4.78885704834537e-20	0.991922314665192	0.716	0.258	7.0424931752967e-16	4.31016417195595e-33	0.965217349730423	0.646	0.271	6.33852743127842e-29	4.78885704834537e-20	8.62032834391188e-33
4	Lrrc17	4.02134017591198e-07	0.338115822927654	0.257	0.076	0.00591378286269615	4.54848520916008e-33	0.546772496524371	0.481	0.125	6.68900234859081e-29	4.02134017591198e-07	9.09697041832019e-33
4	Pde1a	6.90565602845341e-31	0.632116162955368	0.432	0.055	1.01554577554436e-26	4.94299550060755e-33	0.380780000518453	0.392	0.081	7.26916918319346e-29	6.90565602845341e-31	9.88599100121518e-33
4	Sdc4	4.25105193186404e-17	0.88398333414292	0.703	0.27	6.25159697099925e-13	7.64762670044705e-33	0.813979278125083	0.779	0.356	1.12465998256774e-28	4.25105193186404e-17	1.52952534008942e-32
4	Col5a2	6.79172197404227e-17	0.814994362675116	0.514	0.142	9.98790633502656e-13	1.83740882944802e-32	0.953620499349917	0.58	0.203	2.70209342458625e-28	6.79172197404227e-17	3.67481765889606e-32
4	Endod1	5.55968815123447e-23	0.527598128056413	0.432	0.077	8.17607739520541e-19	2.23662337930189e-32	0.414854060766109	0.448	0.109	3.28917834160135e-28	5.55968815123447e-23	4.47324675860377e-32
4	Sema5a	6.62491263594505e-23	0.370278120245384	0.27	0.027	9.74259652242079e-19	3.83175204015801e-32	0.39526173335924	0.315	0.056	5.63497455025637e-28	6.62491263594505e-23	7.66350408031606e-32
4	Slc25a4	1.29529143406004e-17	0.897382574355193	0.973	0.577	1.90485558292869e-13	3.94103935998957e-32	0.633374964260984	0.939	0.662	5.79569248280066e-28	1.29529143406004e-17	7.88207871997916e-32
4	Map1a	4.99842009797113e-20	0.405083237141867	0.243	0.026	7.35067659607634e-16	4.65310771880919e-32	0.35844681301481	0.337	0.064	6.8428602112808e-28	4.99842009797113e-20	9.30621543761837e-32
4	Jam3	6.27100586508495e-13	0.261301893923261	0.446	0.121	9.22214122519392e-09	5.79509483948804e-32	0.394454263027549	0.536	0.149	8.52226647095111e-28	6.27100586508495e-13	1.15901896789762e-31
4	Msi2	1.85937094204753e-17	0.382522110585538	0.432	0.095	2.7343909073751e-13	5.92171713407843e-32	0.357301264958209	0.436	0.106	8.70847721737574e-28	1.85937094204753e-17	1.18434342681569e-31
4	Twsg1	1.74744944628124e-16	0.374717354161334	0.486	0.124	2.5697991557012e-12	7.17128799202893e-32	0.440403617196003	0.597	0.189	1.05460961210777e-27	1.74744944628124e-16	1.43425759840579e-31
4	Ctdspl	9.28460559492615e-18	0.373743427287547	0.216	0.024	1.36539409878984e-13	1.53773250976595e-31	0.251337305317671	0.293	0.046	2.2613894288618e-27	9.28460559492615e-18	3.0754650195319e-31
4	Tgfb3	1.97278833217188e-31	0.721636463062097	0.541	0.089	2.90118252129197e-27	1.25864454711781e-12	0.27050063678827	0.425	0.177	1.85096267099145e-08	1.25864454711781e-12	3.94557666434378e-31
4	Lxn	2.74117116594021e-08	0.367036085090639	0.446	0.178	0.000403116631663167	3.82701786755016e-31	0.60519167169619	0.597	0.22	5.62801247601927e-27	2.74117116594021e-08	7.65403573510029e-31
4	Ibsp	4.22466268087569e-31	3.65758860167614	0.176	0.005	6.21278893849579e-27	9.69098288208554e-13	2.4106458087111	0.193	0.054	1.4251559426395e-08	9.69098288208554e-13	8.44932536175137e-31
4	Plod2	3.76023500998794e-14	0.398105337193079	0.459	0.126	5.52980160568827e-10	4.30805621466491e-31	0.536169108741308	0.497	0.143	6.33542746928622e-27	3.76023500998794e-14	8.6161124293299e-31
4	Ccdc42	6.6795635085675e-22	0.392850728593291	0.189	0.013	9.82296609569936e-18	9.162831573029e-31	0.551992704609658	0.227	0.029	1.34748601112964e-26	6.6795635085675e-22	1.83256631460581e-30
4	Pde5a	1.03687085068306e-16	0.374881557521927	0.311	0.054	1.5248222730145e-12	1.09317997882805e-30	0.38770441336162	0.348	0.071	1.60763047686454e-26	1.03687085068306e-16	2.18635995765611e-30
4	Rcn2	3.76694978112583e-13	0.524255074553957	0.77	0.332	5.53967634812364e-09	3.37583251282084e-30	0.538386400723958	0.834	0.432	4.96449929335432e-26	3.76694978112583e-13	6.75166502564164e-30
4	Ccdc107	1.18986279518995e-15	0.580761145647164	0.541	0.17	1.74981222660634e-11	4.05694211409848e-30	0.646560117101045	0.635	0.238	5.96613907299322e-26	1.18986279518995e-15	8.11388422819692e-30
4	Pdlim7	7.62240196757739e-14	0.615768986442498	0.541	0.187	1.12095043335193e-09	6.88639146817484e-30	0.678557233075939	0.669	0.28	1.01271272930979e-25	7.62240196757739e-14	1.37727829363498e-29
4	Fry	1.50653531489755e-14	0.333306606422451	0.514	0.142	2.21551083408834e-10	7.00552256712961e-30	0.320729847722047	0.409	0.096	1.03023214872208e-25	1.50653531489755e-14	1.40110451342592e-29
4	Col8a1	6.70231167945233e-08	0.78175716729364	0.243	0.068	0.00098564195558026	7.24264419312318e-30	0.71768947584842	0.359	0.079	1.06510325504069e-25	6.70231167945233e-08	1.44852883862465e-29
4	Col4a6	1.70845764572243e-18	0.270495683245555	0.257	0.032	2.5124578137994e-14	9.22687455910582e-30	0.297751965535102	0.414	0.097	1.3569041726621e-25	1.70845764572243e-18	1.84537491182116e-29
4	Adgrl1	5.33060817996279e-22	0.258799532696162	0.243	0.023	7.83919238945327e-18	1.24524707807655e-29	0.280834824355653	0.265	0.041	1.83126035301937e-25	5.33060817996279e-22	2.4904941561531e-29
4	Pofut2	2.88050613889071e-12	0.468272460614369	0.554	0.202	4.23607232785267e-08	1.27317423709483e-29	0.444551655961995	0.669	0.258	1.87233003307166e-25	2.88050613889071e-12	2.54634847418968e-29
4	Ppp1r12a	6.68989591632688e-11	0.601593047417607	0.689	0.337	9.83816093455031e-07	1.99033292690239e-29	0.854062739582079	0.79	0.418	2.92698360230265e-25	6.68989591632688e-11	3.98066585380481e-29
4	Mxra8	1.52557752939724e-21	0.744252387061992	0.73	0.217	2.24351431473159e-17	2.15165891520268e-29	0.637689548567101	0.79	0.337	3.16422960069706e-25	1.52557752939724e-21	4.30331783040538e-29
4	Synpo	6.34044912933483e-23	0.568936576464654	0.459	0.086	9.3242644895998e-19	2.209022065184e-29	0.413683754421842	0.53	0.156	3.24858784905959e-25	6.34044912933483e-23	4.41804413036803e-29
4	Rcn3	1.24532294039971e-14	0.514828129701193	0.811	0.323	1.83137191615181e-10	3.44275774985834e-29	0.530449355325973	0.901	0.426	5.06291954694168e-25	1.24532294039971e-14	6.88551549971672e-29
4	Arhgef25	4.06928898364697e-29	0.397253198238027	0.446	0.06	5.98429637935123e-25	1.94499435683601e-19	0.335721415211732	0.387	0.126	2.86030870116304e-15	1.94499435683601e-19	8.13857796729398e-29
4	Col3a1	1.09948939967081e-21	0.764880853092465	0.784	0.251	1.61690911115589e-17	4.11465228217237e-29	0.604491918046227	0.878	0.413	6.05100764616269e-25	1.09948939967081e-21	8.22930456434478e-29
4	Fabp3	4.61147035940363e-22	0.291324112368969	0.162	0.008	6.78162831053897e-18	4.32412543862481e-29	0.350221939675504	0.193	0.02	6.35905887004164e-25	4.61147035940363e-22	8.64825087724966e-29
4	Aebp1	1.97399771384843e-10	0.321311754528827	0.676	0.268	2.90296103798549e-06	8.40218155560823e-29	0.529574207674224	0.873	0.37	1.23562481956775e-24	1.97399771384843e-10	1.68043631112165e-28
4	Ntrk3	1.03846543683174e-28	0.505769695649101	0.311	0.028	1.52716727140476e-24	2.87340657234936e-17	0.263083753618292	0.276	0.075	4.22563170529697e-13	2.87340657234936e-17	2.0769308736635e-28
4	Col1a1	3.14204472088951e-19	0.883034453794544	0.703	0.214	4.62069096654011e-15	1.48258748354959e-28	1.59377282056293	0.823	0.388	2.18029315330803e-24	3.14204472088951e-19	2.96517496709919e-28
4	Me1	5.61003396668421e-22	0.361488434277868	0.324	0.043	8.25011595140581e-18	1.82725794128876e-28	0.290773318288245	0.326	0.065	2.68716552845925e-24	5.61003396668421e-22	3.65451588257753e-28
4	Tgfb2	1.51271411125031e-17	0.411739044751778	0.392	0.079	2.22459737200471e-13	1.98685598468309e-28	0.404035101763219	0.365	0.083	2.92187041107495e-24	1.51271411125031e-17	3.97371196936619e-28
4	Col6a1	2.83958483907367e-28	0.736373777625831	0.73	0.171	4.17589346434174e-24	2.57535121982438e-24	0.692177387217009	0.685	0.292	3.78731150387374e-20	2.57535121982438e-24	5.67916967814736e-28
4	Atp2a2	8.92659480311635e-14	0.569771569406578	0.608	0.229	1.31274503174629e-09	4.36846154833121e-28	0.533961815133789	0.735	0.315	6.42425955297588e-24	8.92659480311635e-14	8.73692309666246e-28
4	Zc2hc1a	8.43679895915777e-11	0.442554044384976	0.392	0.121	1.24071565493374e-06	4.53946357444867e-28	0.412228608505231	0.53	0.17	6.67573513258421e-24	8.43679895915777e-11	9.07892714889732e-28
4	mt-Nd2	3.04907128055203e-14	0.655094903945666	0.919	0.843	4.48396422517981e-10	4.54606884862762e-28	0.57349127012704	0.972	0.904	6.68544884879178e-24	3.04907128055203e-14	9.09213769725525e-28
4	Col4a2	5.0825143826254e-10	0.263928769303549	0.527	0.186	7.47434565108892e-06	5.73437008544467e-28	0.30637911165363	0.591	0.191	8.43296464765492e-24	5.0825143826254e-10	1.14687401708894e-27
4	Lgalsl	6.33592249262779e-28	0.843254366812813	0.446	0.068	9.31760761765842e-24	2.62308856704377e-27	0.321386909529029	0.376	0.089	3.85751404669457e-23	2.62308856704377e-27	1.26718449852556e-27
4	Oxct1	1.06154700191673e-10	0.445974363111575	0.622	0.266	1.56111102101874e-06	6.5522669560692e-28	0.637814448034458	0.729	0.344	9.63576378559537e-24	1.06154700191673e-10	1.31045339121385e-27
4	Itgb1	5.81979473575034e-14	0.651282952224465	0.932	0.666	8.55859013839445e-10	6.56388378846363e-28	0.666731410654982	0.945	0.746	9.65284749931462e-24	5.81979473575034e-14	1.31277675769273e-27
4	Ppp1cb	5.37094077000625e-11	0.641475205380593	0.77	0.432	7.89850549637119e-07	7.07979695500697e-28	0.76209928679006	0.823	0.495	1.04115494020332e-23	5.37094077000625e-11	1.4159593910014e-27
4	Chad	1.01451191243979e-27	1.87880830578118	0.108	0	1.49194121843396e-23	1.28598477593022e-11	1.31740401802146	0.122	0.024	1.89116921148299e-07	1.28598477593022e-11	2.02902382487959e-27
4	Ppic	7.39036745542951e-14	0.692194973413869	0.622	0.233	1.08682743799546e-09	1.01507738387722e-27	0.771112319225416	0.669	0.284	1.49277280072984e-23	7.39036745542951e-14	2.03015476775445e-27
4	mt-Atp6	1.26504774684637e-12	0.429921483318051	0.986	0.982	1.86037921651227e-08	1.0245867392074e-27	0.444066123174907	0.994	0.98	1.5067572586784e-23	1.26504774684637e-12	2.0491734784148e-27
4	Nedd4	5.38668669135402e-14	0.591958001275126	0.811	0.365	7.92166144830522e-10	1.48232294690215e-27	0.509367582426355	0.89	0.39	2.17990412571431e-23	5.38668669135402e-14	2.96464589380431e-27
4	Cnn3	4.58913548899213e-14	0.606901735722177	0.797	0.353	6.74878265011183e-10	1.87682056806593e-27	0.616856125613066	0.829	0.389	2.76005232739776e-23	4.58913548899213e-14	3.75364113613187e-27
4	mt-Co2	5.45494660518584e-11	0.41394473896637	0.959	0.953	8.0220444775863e-07	1.99847334940379e-27	0.44989472260213	0.983	0.967	2.93895490763322e-23	5.45494660518584e-11	3.99694669880759e-27
4	Efemp2	5.46366148397501e-19	0.501604020791976	0.622	0.168	8.03486057833365e-15	2.10513471922335e-27	0.429843368854854	0.691	0.265	3.09581111808986e-23	5.46366148397501e-19	4.21026943844673e-27
4	Filip1l	4.01495237539647e-19	1.00935830712551	0.716	0.279	5.90438896325805e-15	2.68834191255918e-27	0.925160064155219	0.669	0.317	3.95347561660952e-23	4.01495237539647e-19	5.37668382511836e-27
4	Fstl1	1.54464300890898e-16	0.63357373815659	0.757	0.273	2.27155200890155e-12	2.97562320601155e-27	0.462799341041873	0.878	0.369	4.37595148676059e-23	1.54464300890898e-16	5.95124641202313e-27
4	Col4a5	3.62179418676454e-14	0.384855548332156	0.311	0.062	5.32621053105593e-10	6.28139416676321e-27	0.296072875316354	0.497	0.142	9.23741826164198e-23	3.62179418676454e-14	1.25627883335265e-26
4	Col1a2	2.83080134429294e-13	0.464644776738797	0.73	0.262	4.1629764569172e-09	6.54790371834302e-27	0.942180707565889	0.906	0.436	9.62934720819524e-23	2.83080134429294e-13	1.30958074366861e-26
4	Nupr1	3.05258068317478e-17	1.20072694913349	0.824	0.444	4.48912515267684e-13	7.53460827723942e-27	0.601146256431994	0.945	0.609	1.10803949325083e-22	3.05258068317478e-17	1.50692165544789e-26
4	Atp1a2	1.07064865387354e-26	0.428141613628349	0.432	0.062	1.57449591038643e-22	1.51807976914395e-19	0.379054408586098	0.448	0.157	2.2324881085031e-15	1.51807976914395e-19	2.14129730774709e-26
4	Ptp4a3	1.77243866789641e-13	0.875920218125202	0.541	0.189	2.60654830500846e-09	1.17938972645741e-26	0.593386653989695	0.564	0.202	1.73441053172827e-22	1.77243866789641e-13	2.35877945291483e-26
4	Hmgn1	1.10805221107658e-19	0.765201905921374	0.905	0.473	1.62950158160922e-15	1.55032425334594e-26	0.517475651198121	0.923	0.567	2.27990684697054e-22	1.10805221107658e-19	3.10064850669189e-26
4	Pdlim5	2.62503520029596e-07	0.278133864648686	0.405	0.153	0.00386037676555524	2.11992038610923e-26	0.395760974888379	0.558	0.192	3.11755491981223e-22	2.62503520029596e-07	4.23984077221847e-26
4	Ttc28	1.11323897792593e-08	0.308204596704505	0.351	0.116	0.000163712924093787	2.41279570303495e-26	0.418408583553331	0.459	0.139	3.5482573608832e-22	1.11323897792593e-08	4.82559140606991e-26
4	Cavin1	2.22804196503008e-12	0.513895200954107	0.851	0.392	3.27655851377323e-08	2.4396304540417e-26	0.444214010611026	0.84	0.404	3.58772054571373e-22	2.22804196503008e-12	4.87926090808344e-26
4	Nenf	2.63106295616235e-13	0.485264152968437	0.865	0.446	3.86924118333235e-09	2.57719020679215e-26	0.505392337133767	0.917	0.586	3.79001591810853e-22	2.63106295616235e-13	5.15438041358431e-26
4	Thbs1	5.87486436945648e-08	0.601110171171823	0.257	0.075	0.00086395755417227	3.18034967147103e-26	1.39498899883569	0.365	0.096	4.67702222686529e-22	5.87486436945648e-08	6.36069934294205e-26
4	Mical2	1.10757966756407e-22	0.4589700297456	0.351	0.049	1.62880665911972e-18	6.34390141944071e-26	0.413414046406057	0.42	0.118	9.32934142742951e-22	1.10757966756407e-22	1.26878028388814e-25
4	Inpp5a	2.3791529498701e-14	0.250716583128859	0.297	0.056	3.49878232807897e-10	6.42284367384535e-26	0.342924083474048	0.315	0.069	9.44543390675697e-22	2.3791529498701e-14	1.28456873476907e-25
4	Crispld1	3.80405088183813e-14	0.426399796773758	0.23	0.035	5.59423722683115e-10	6.88607564865139e-26	0.791256882026974	0.32	0.073	1.01266628489067e-21	3.80405088183813e-14	1.37721512973028e-25
4	Efna5	1.41733948733765e-19	0.455470873280524	0.378	0.066	2.08433945007875e-15	9.60633023158352e-26	0.385051125134627	0.431	0.122	1.41270692385667e-21	1.41733948733765e-19	1.92126604631671e-25
4	Dctn6	1.86717835913784e-08	0.271934463751472	0.5	0.198	0.00027458724949481	1.03266595647287e-25	0.431929394006321	0.68	0.268	1.51863855558901e-21	1.86717835913784e-08	2.06533191294575e-25
4	Tmem110	3.32452354966391e-09	0.31285479637348	0.365	0.118	4.88904433213575e-05	1.18775264300707e-25	0.705063635140222	0.459	0.151	1.7467090368062e-21	3.32452354966391e-09	2.37550528601415e-25
4	Cped1	4.13976740884815e-09	0.748246633986116	0.446	0.187	6.08794195145208e-05	1.6511448732058e-25	0.643866105747989	0.68	0.285	2.42817365053645e-21	4.13976740884815e-09	3.30228974641161e-25
4	Ccdc80	1.35250450967009e-18	0.70172838914547	0.757	0.236	1.98899313192084e-14	1.74203504019491e-25	0.487161448470988	0.796	0.324	2.56183673011063e-21	1.35250450967009e-18	3.48407008038981e-25
4	Sh3pxd2a	3.02950596444838e-10	0.28600905413146	0.297	0.077	4.45519147131779e-06	1.87041553111465e-25	0.359105550404709	0.398	0.108	2.7506330800572e-21	3.02950596444838e-10	3.74083106222929e-25
4	Higd1a	8.66794099191567e-09	0.526968509149706	0.743	0.431	0.000127470740227112	2.37440028567166e-25	0.585886438077745	0.834	0.49	3.49179306010874e-21	8.66794099191567e-09	4.74880057134332e-25
4	Ptms	1.57739690201293e-14	0.590781035315891	0.878	0.527	2.31971988410021e-10	3.17374614614807e-25	0.583525359423674	0.934	0.647	4.66731108252535e-21	1.57739690201293e-14	6.34749229229617e-25
4	Asb2	2.74963230363397e-17	0.383311064574871	0.189	0.018	4.04360926572411e-13	3.98126042117102e-25	0.3961824518202	0.293	0.062	5.8548415753741e-21	2.74963230363397e-17	7.96252084234202e-25
4	Stbd1	2.21521651560774e-22	0.502752594564763	0.365	0.056	3.25769740785275e-18	6.28636301664292e-25	0.490751348577816	0.376	0.105	9.24472545227508e-21	2.21521651560774e-22	1.25727260332859e-24
4	Sdc2	8.4818332181957e-19	0.454003946318314	0.689	0.187	1.24733839306786e-14	7.21077523106405e-25	0.342976239512797	0.718	0.276	1.06041660548028e-20	8.4818332181957e-19	1.44215504621281e-24
4	Olfr1033	2.03299092667283e-13	0.264566800717569	0.23	0.037	2.98971645676507e-09	1.06201577946843e-24	0.396146797902124	0.32	0.076	1.56180040528627e-20	2.03299092667283e-13	2.12403155893685e-24
4	Marveld1	7.60780172118057e-13	0.303504862832762	0.338	0.079	1.11880332111681e-08	1.98541326431734e-24	0.37091860705884	0.387	0.11	2.91974874650508e-20	7.60780172118057e-13	3.97082652863469e-24
4	Ccser2	6.41200754414576e-12	0.340514689849439	0.649	0.242	9.42949829442075e-08	2.31021669425384e-24	0.325523080425559	0.685	0.267	3.3974046705697e-20	6.41200754414576e-12	4.6204333885077e-24
4	Ltbp3	4.54791035645425e-23	0.509032015067586	0.5	0.101	6.68815697020161e-19	3.32849718260625e-24	0.428105677022131	0.569	0.204	4.89488795674075e-20	4.54791035645425e-23	6.65699436521253e-24
4	Dnajb4	1.22065071932743e-18	0.604771229227743	0.568	0.153	1.79508894784292e-14	3.47077026205251e-24	0.579832928858951	0.558	0.218	5.10411474737441e-20	1.22065071932743e-18	6.94154052410502e-24
4	Smim5	3.83125121461693e-10	0.306563755811797	0.203	0.039	5.63423803621565e-06	5.20401638628223e-24	0.307038551527686	0.309	0.07	7.65302649766665e-20	3.83125121461693e-10	1.04080327725645e-23
4	Des	5.41493789006028e-21	0.577610627527089	0.162	0.009	7.96320766112265e-17	5.60339582997501e-24	0.616597111778656	0.127	0.009	8.24035390756126e-20	5.41493789006028e-21	1.12067916599501e-23
4	Pdgfrb	1.07334110268566e-22	0.615782278592589	0.541	0.118	1.57845542560953e-18	6.67786710404167e-24	0.343452464992286	0.564	0.194	9.82047136320368e-20	1.07334110268566e-22	1.33557342080834e-23
4	mt-Nd1	8.17007073956707e-14	0.52125255804822	0.986	0.944	1.20149060296073e-09	1.16866820176932e-23	0.461230180579243	0.994	0.956	1.71864345752197e-19	8.17007073956707e-14	2.33733640353865e-23
4	Golim4	2.33308463672241e-09	0.298843406723118	0.473	0.168	3.43103426676397e-05	1.17216738657826e-23	0.403538917369877	0.652	0.27	1.72378935870198e-19	2.33308463672241e-09	2.34433477315652e-23
4	Col6a2	4.94570488595473e-21	0.523319002663316	0.635	0.16	7.27315360528502e-17	1.31366358061195e-23	0.56109702073352	0.646	0.264	1.93187366164793e-19	4.94570488595473e-21	2.6273271612239e-23
4	Tbxa2r	3.68063686730766e-21	0.26333959363939	0.176	0.011	5.41274457706265e-17	1.36527714683114e-23	0.257043885714752	0.199	0.029	2.00777657212988e-19	3.68063686730766e-21	2.73055429366229e-23
4	Crip2	1.34764856425073e-10	0.412700860088648	0.892	0.45	1.98185197858712e-06	1.51063443568896e-23	0.441731577097534	0.939	0.487	2.22153900112419e-19	1.34764856425073e-10	3.02126887137793e-23
4	Rbp4	2.951196135293e-23	0.76952601643036	0.405	0.067	4.34002903656188e-19	4.57227738787053e-21	0.555642059793526	0.492	0.181	6.7239911266024e-17	4.57227738787053e-21	5.90239227058602e-23
4	Anln	1.30640298582983e-15	0.264003127712043	0.189	0.021	1.92119623096135e-11	4.16418676419138e-23	0.285477293365384	0.221	0.039	6.12385305541985e-19	1.30640298582983e-15	8.32837352838281e-23
4	Id3	3.48320722464788e-11	0.460634607175369	0.905	0.468	5.12240454456718e-07	4.52641821198258e-23	0.525792309839263	0.939	0.528	6.65655062254159e-19	3.48320722464788e-11	9.05283642396519e-23
4	Zbtb38	9.31297976869651e-10	0.311282714364738	0.554	0.214	1.36956680478451e-05	5.63053049633289e-23	0.393142287872665	0.591	0.227	8.28025814790714e-19	9.31297976869651e-10	1.12610609926658e-22
4	Col4a1	3.55443730585156e-13	0.286350284875802	0.743	0.269	5.22715550198531e-09	6.69660104327019e-23	0.324282004095742	0.68	0.268	9.84802149423314e-19	3.55443730585156e-13	1.33932020865404e-22
4	mt-Nd3	1.01579091647e-10	0.521516336802493	0.811	0.497	1.49382212176079e-06	1.02443500859983e-22	0.485429249075854	0.906	0.625	1.50653412364691e-18	1.01579091647e-10	2.04887001719966e-22
4	1500015O10Rik	7.39931575830791e-21	2.12118300803396	0.243	0.026	1.08814337541676e-16	1.24739059988614e-22	2.55517777343821	0.365	0.118	1.83441261619256e-18	7.39931575830791e-21	2.49478119977229e-22
4	Nptn	8.93420969883088e-06	0.366977025277014	0.716	0.437	0.131386487831007	1.42040123098005e-22	0.426007109744617	0.884	0.518	2.08884205027926e-18	8.93420969883088e-06	2.8408024619601e-22
4	Cd9	1.05712886742073e-10	0.502119732549027	0.892	0.533	1.55461371242893e-06	1.70165335279918e-22	0.474425208480646	0.956	0.715	2.50245142062648e-18	1.05712886742073e-10	3.40330670559836e-22
4	Lgals1	7.5723865863608e-20	1.07907818846357	0.959	0.682	1.11359517139022e-15	2.01102395583081e-22	0.603260129337064	0.956	0.801	2.95741182944479e-18	7.5723865863608e-20	4.02204791166162e-22
4	mt-Nd5	4.94960668593724e-10	0.433053130117769	0.811	0.442	7.2788915923393e-06	2.18012261979082e-22	0.48714636597403	0.873	0.574	3.20608832466438e-18	4.94960668593724e-10	4.36024523958166e-22
4	2200002D01Rik	1.11113010922739e-11	0.350457559203007	0.297	0.068	1.6340279386298e-07	3.06650743816062e-22	0.334124069440621	0.271	0.058	4.509605838559e-18	1.11113010922739e-11	6.13301487632124e-22
4	Hey2	9.88875364231933e-21	0.315546866966202	0.203	0.016	1.45424011063948e-16	4.11993332865074e-22	0.283979450890907	0.232	0.043	6.05877395311378e-18	9.88875364231933e-21	8.2398666573015e-22
4	Fbxo32	5.08787652294363e-22	0.397590196437328	0.351	0.051	7.48223121464089e-18	1.02691775266731e-21	0.2861580951093	0.304	0.075	1.51018524707254e-17	1.02691775266731e-21	1.01757530458872e-21
4	Plekhg3	3.53342038231001e-11	0.288621975513586	0.243	0.05	5.1962480142251e-07	5.43894769582177e-22	0.348973861447852	0.331	0.089	7.99851648147549e-18	3.53342038231001e-11	1.08778953916436e-21
4	Fam162a	1.70888822493682e-11	0.599223534138641	0.649	0.278	2.51309102359209e-07	6.18330204390504e-22	0.44154541000716	0.718	0.33	9.09316398576675e-18	1.70888822493682e-11	1.23666040878101e-21
4	Lrrfip1	3.81470586276926e-06	0.396421284077203	0.541	0.284	0.0560990644178847	7.02710784298437e-22	0.585943964239377	0.735	0.38	1.03340647938928e-17	3.81470586276926e-06	1.40542156859687e-21
4	Chpt1	8.72548238000016e-08	0.286713759623733	0.378	0.138	0.00128316943880282	7.2648321561482e-22	0.331260973199566	0.575	0.215	1.06836621688315e-17	8.72548238000016e-08	1.45296643122964e-21
4	Nav2	1.41310119527581e-14	0.328425405296269	0.243	0.038	2.0781066177726e-10	7.86548701760412e-22	0.331979957620222	0.287	0.068	1.15669852080886e-17	1.41310119527581e-14	1.57309740352083e-21
4	Ltbp2	8.66323422944114e-13	0.5635514322553	0.216	0.035	1.27401522578161e-08	8.05253170446508e-22	0.855634505068181	0.398	0.132	1.18420531245863e-17	8.66323422944114e-13	1.61050634089302e-21
4	Crtap	5.18466427834007e-08	0.320692108976831	0.392	0.143	0.00076245672877269	1.01159176257149e-21	0.382779008171965	0.547	0.212	1.48764684603763e-17	5.18466427834007e-08	2.02318352514298e-21
4	Scara3	1.86349693168091e-07	0.457757474068291	0.365	0.137	0.00274045858772994	1.03901199329299e-21	0.381808450520147	0.569	0.214	1.52797103733667e-17	1.86349693168091e-07	2.07802398658598e-21
4	Zfhx3	1.02510878383089e-10	0.439682436334838	0.568	0.221	1.50752497750171e-06	1.33294821151985e-21	0.487974019338301	0.646	0.299	1.9602336398611e-17	1.02510878383089e-10	2.66589642303971e-21
4	Dag1	8.48185324366037e-14	0.368101000792713	0.486	0.142	1.24734133801269e-09	1.59568652573565e-21	0.369785071616766	0.536	0.201	2.34661660474685e-17	8.48185324366037e-14	3.19137305147131e-21
4	Sh3bgrl	2.82597941064639e-13	0.771359272237922	0.838	0.568	4.15588532129659e-09	1.70270808090783e-21	0.64589101047019	0.873	0.663	2.50400250378306e-17	2.82597941064639e-13	3.40541616181566e-21
4	Fzd1	1.10276789758833e-15	0.256036962846953	0.351	0.068	1.62173047019339e-11	2.05031629695996e-21	0.324685515339732	0.398	0.12	3.01519514630931e-17	1.10276789758833e-15	4.10063259391993e-21
4	Fads3	2.41908203300746e-21	0.502523592124981	0.419	0.075	3.55750203774077e-17	2.53403994359578e-18	0.25367661346749	0.309	0.089	3.72655914105195e-14	2.53403994359578e-18	4.83816406601493e-21
4	Creb3l2	1.15622719805541e-16	0.411801359910614	0.5	0.126	1.70034771746029e-12	2.81501885990963e-21	0.282607486556685	0.525	0.185	4.1397667353831e-17	1.15622719805541e-16	5.63003771981925e-21
4	Esyt2	1.22661674242987e-15	0.470398517354866	0.514	0.146	1.80386258141736e-11	3.49275223736674e-21	0.357756988788545	0.53	0.198	5.13644144027152e-17	1.22661674242987e-15	6.9855044747335e-21
4	Sox9	2.88603003616094e-15	0.398991172290007	0.23	0.033	4.24419577117828e-11	4.41683114605988e-21	0.460745045974542	0.298	0.075	6.49539188339566e-17	2.88603003616094e-15	8.83366229211976e-21
4	Plcb4	7.62856785428926e-09	0.335245201238321	0.459	0.169	0.000112185718865178	4.52414966788126e-21	0.506356344418081	0.459	0.165	6.65321450158617e-17	7.62856785428926e-09	9.04829933576253e-21
4	Emilin1	1.10936920836655e-11	0.490119346343676	0.514	0.181	1.63143835782385e-07	5.6224567175623e-21	0.471682261483544	0.63	0.283	8.26838484884711e-17	1.10936920836655e-11	1.12449134351246e-20
4	Lmna	7.37236151917059e-13	0.552627617662752	0.797	0.387	1.08417948500923e-08	6.04778725757413e-21	0.426895814266864	0.895	0.539	8.89387594098852e-17	7.37236151917059e-13	1.20955745151483e-20
4	Oat	6.02423349288745e-11	0.51595820506376	0.797	0.444	8.85923777464028e-07	6.48635591096618e-21	0.478129730008177	0.873	0.557	9.53883500266686e-17	6.02423349288745e-11	1.29727118219324e-20
4	Dkk3	1.02305493798835e-15	0.469786414532897	0.486	0.128	1.50450459180566e-11	6.91007677651979e-21	0.373332067724593	0.624	0.242	1.016195890755e-16	1.02305493798835e-15	1.38201535530396e-20
4	Vwc2	1.36140623279965e-20	0.555214726008021	0.324	0.048	2.00208400595516e-16	2.19537774224918e-17	0.394618485988647	0.238	0.059	3.22852250775164e-13	2.19537774224918e-17	2.7228124655993e-20
4	Lamb2	8.32774263447205e-16	0.334810386385367	0.649	0.194	1.22467783182546e-11	1.437341206556e-20	0.323658304412059	0.669	0.268	2.11375397836125e-16	8.32774263447205e-16	2.87468241311199e-20
4	Aspn	5.53829609569021e-15	0.783821259373989	0.446	0.118	8.14461823832202e-11	1.78362472556699e-20	0.54564635195628	0.492	0.182	2.62299852141881e-16	5.53829609569021e-15	3.56724945113398e-20
4	Casp12	2.75028064039406e-12	0.326038848673098	0.459	0.133	4.0445627097635e-08	2.37095752927592e-20	0.260404430160151	0.459	0.154	3.48673014255317e-16	2.75028064039406e-12	4.74191505855186e-20
4	Napepld	5.32310033532717e-20	0.258482366965497	0.216	0.02	7.82815135313213e-16	3.23083184000102e-20	0.253935704691948	0.221	0.043	4.7512613039055e-16	5.32310033532717e-20	6.46166368000208e-20
4	Kctd10	5.12566310128931e-16	0.62590108750488	0.703	0.266	7.53780015675606e-12	3.27053086075693e-20	0.375363159960677	0.691	0.325	4.80964268382914e-16	5.12566310128931e-16	6.54106172151386e-20
4	Copz2	1.42181986083163e-16	0.512305428224748	0.743	0.272	2.090928287339e-12	4.04299134342753e-20	0.372714405605346	0.746	0.359	5.94562306964452e-16	1.42181986083163e-16	8.08598268685505e-20
4	Sspn	1.46271837445159e-17	0.416904101563367	0.405	0.086	2.15107364146851e-13	7.65278414190874e-20	0.299646332848557	0.414	0.135	1.1254184359091e-15	1.46271837445159e-17	1.53055682838175e-19
4	Nbeal1	1.69759231785573e-12	0.492137563313942	0.689	0.28	2.49647926263863e-08	9.16350468337297e-20	0.415522704929213	0.718	0.342	1.34758499873683e-15	1.69759231785573e-12	1.8327009366746e-19
4	Angptl2	1.86511225530004e-07	0.313367996565343	0.257	0.079	0.00274283408264423	1.00180429134792e-19	0.320551379714836	0.381	0.12	1.47325339085625e-15	1.86511225530004e-07	2.00360858269584e-19
4	Unc45a	1.38740764562969e-19	0.375359698558948	0.419	0.08	2.04032168366302e-15	4.18299789936207e-12	0.251603152685641	0.293	0.109	6.15151671080185e-08	4.18299789936207e-12	2.77481529125938e-19
4	Vldlr	3.27912475702231e-11	0.337986499349721	0.243	0.05	4.82228086767702e-07	1.74034157620944e-19	0.309148131130861	0.254	0.06	2.55934632197361e-15	3.27912475702231e-11	3.4806831524189e-19
4	Gstm1	0.000315222949633998	0.553034394619684	0.676	0.494	1	2.06174954690624e-19	0.831876377784474	0.845	0.571	3.03200888368032e-15	0.000315222949633998	4.12349909381248e-19
4	Eif1ax	5.6385360551967e-09	0.383669898416729	0.676	0.333	8.29203112277226e-05	2.5397618098217e-19	0.396964528589949	0.785	0.423	3.73497371752379e-15	5.6385360551967e-09	5.07952361964342e-19
4	Rhoj	8.56497868666816e-14	0.552025521407337	0.676	0.244	1.25956576566142e-09	3.31105702332508e-19	0.332552447372056	0.657	0.268	4.86924045850187e-15	8.56497868666816e-14	6.62211404665016e-19
4	Calm2	2.50083724082821e-13	0.535587797488598	0.986	0.84	3.67773124636197e-09	4.65100656641792e-19	0.385371053362524	0.972	0.905	6.83977025657419e-15	2.50083724082821e-13	9.30201313283583e-19
4	Olfml2b	6.62487451999478e-16	0.477031799669884	0.473	0.12	9.74254046910432e-12	4.75521862797415e-19	0.333266039122656	0.564	0.221	6.99302451429878e-15	6.62487451999478e-16	9.51043725594833e-19
4	Arl2	7.1580164606155e-11	0.360473949037567	0.473	0.162	1.05265790069812e-06	4.82954572281935e-19	0.312622290579942	0.525	0.206	7.10232993997813e-15	7.1580164606155e-11	9.6590914456387e-19
4	Cox6c	4.53955495796282e-08	0.386285555119825	0.959	0.827	0.000667586952118013	5.07033043054307e-19	0.436649999548095	0.945	0.865	7.45642793115664e-15	4.53955495796282e-08	1.01406608610862e-18
4	Syne1	1.07671682179176e-11	0.270000204777089	0.351	0.089	1.58341975812696e-07	5.39925150918405e-19	0.279525858179644	0.448	0.156	7.94013926940607e-15	1.07671682179176e-11	1.07985030183681e-18
4	P3h3	2.63415042065687e-11	0.283189073876397	0.405	0.116	3.873781608618e-07	5.65144049133272e-19	0.317699744814942	0.58	0.241	8.3110083865539e-15	2.63415042065687e-11	1.13028809826655e-18
4	Rras	3.22663369637276e-11	0.325956061211325	0.514	0.174	4.74508751388578e-07	6.1798511422012e-19	0.340614836291179	0.53	0.218	9.08808908972109e-15	3.22663369637276e-11	1.23597022844024e-18
4	Col6a3	6.29277123291049e-19	0.535333728650347	0.432	0.091	9.25414937511817e-15	4.24345456717991e-15	0.355444894920729	0.42	0.164	6.24042428649478e-11	4.24345456717991e-15	1.2585542465821e-18
4	Ptprs	4.14947049144769e-18	0.329438984561554	0.405	0.081	6.10221130472297e-14	7.14558095526127e-19	0.27828614972352	0.431	0.151	1.05082913528072e-14	4.14947049144769e-18	1.42911619105226e-18
4	Pigp	5.86391650954611e-05	0.325601950670238	0.473	0.256	0.862347561893851	7.65006260967774e-19	0.318183500618066	0.663	0.308	1.12501820737921e-14	5.86391650954611e-05	1.53001252193555e-18
4	Cisd1	1.28675214662445e-06	0.302709188759341	0.459	0.208	0.0189229770682592	8.80883708023413e-19	0.309289657262385	0.575	0.246	1.29542758101923e-14	1.28675214662445e-06	1.76176741604683e-18
4	Tmem47	3.04370291665455e-12	0.315295449450715	0.338	0.081	4.47606950923218e-08	1.04923162399219e-18	0.350566284031876	0.359	0.113	1.54300002624292e-14	3.04370291665455e-12	2.09846324798439e-18
4	Oaz2	3.83413561865955e-15	0.8020465440624	0.784	0.367	5.63847984080073e-11	1.21796059126824e-18	0.438357324993822	0.796	0.434	1.79113284551908e-14	3.83413561865955e-15	2.43592118253649e-18
4	Prelp	7.29395448526058e-13	0.513920262806721	0.635	0.229	1.07264894660242e-08	1.58458888771054e-18	0.350335051562333	0.768	0.358	2.33029641826712e-14	7.29395448526058e-13	3.16917777542108e-18
4	S100a11	1.63724679162473e-18	0.840060705723245	0.986	0.735	2.40773513176333e-14	2.74871568799648e-18	0.308999843861788	0.961	0.806	4.04226129076763e-14	2.74871568799648e-18	3.27449358324946e-18
4	Lzts2	1.31569702724463e-12	0.342823929118387	0.541	0.168	1.93486404826595e-08	2.49023784048639e-18	0.270294712147995	0.514	0.192	3.66214376821929e-14	1.31569702724463e-12	4.98047568097278e-18
4	Rhoc	3.6039035374087e-12	0.588089638519029	0.838	0.433	5.29990054211323e-08	3.33365699634062e-18	0.407974474260505	0.873	0.537	4.90247597881852e-14	3.6039035374087e-12	6.66731399268125e-18
4	Ank	3.00591910727123e-07	0.35388374595361	0.324	0.118	0.00442050463915308	3.94718196979002e-18	0.568946559641768	0.486	0.206	5.80472580477321e-14	3.00591910727123e-07	7.89436393958007e-18
4	Ogn	1.8683250156226e-07	0.429939597477186	0.486	0.208	0.00274755876797459	3.95509063644959e-18	0.410076551921238	0.685	0.308	5.81635628996276e-14	1.8683250156226e-07	7.9101812728992e-18
4	Pmepa1	2.41202060256943e-16	0.835626032340753	0.649	0.232	3.5471174981386e-12	4.33828370380095e-18	0.351728235464824	0.74	0.379	6.37988001480967e-14	2.41202060256943e-16	8.67656740760193e-18
4	Rnf11	1.81893945620345e-08	0.255449264489687	0.541	0.221	0.000267493236429279	6.17536481602861e-18	0.351230312516268	0.646	0.317	9.08149149845167e-14	1.81893945620345e-08	1.23507296320573e-17
4	Rtl8a	0.000132710495115431	0.30044357781083	0.486	0.259	1	6.66449784787286e-18	0.271452597229617	0.63	0.273	9.80081053508183e-14	0.000132710495115431	1.33289956957458e-17
4	Dynll1	4.97707834658712e-10	0.490604265949725	0.959	0.862	7.31929141649102e-06	1.05356368806454e-17	0.420835231417989	0.978	0.908	1.54937075966771e-13	4.97707834658712e-10	2.10712737612909e-17
4	Fkbp9	1.62243524641715e-09	0.353161848202903	0.622	0.261	2.38595327338106e-05	1.24361623797792e-17	0.318041393045444	0.74	0.344	1.82886203957033e-13	1.62243524641715e-09	2.48723247595584e-17
4	Fap	2.73847093398618e-07	0.353304423624485	0.189	0.047	0.00402719535552007	1.54610072002664e-17	0.492325233287722	0.254	0.068	2.27369571887118e-13	2.73847093398618e-07	3.0922014400533e-17
4	Sorl1	1.75609207836875e-09	0.275387441558515	0.311	0.085	2.58250901044908e-05	1.70335119528731e-17	0.328050100487893	0.337	0.108	2.50494826778952e-13	1.75609207836875e-09	3.40670239057464e-17
4	Anxa6	5.14871800353141e-11	0.397281706251481	0.662	0.279	7.57170469599329e-07	1.73181877846011e-17	0.426593791788559	0.68	0.351	2.54681269560344e-13	5.14871800353141e-11	3.46363755692022e-17
4	Acadsb	4.5787633005358e-12	0.293320637051226	0.459	0.134	6.73352930976794e-08	1.82705245042111e-17	0.252483805146683	0.442	0.162	2.68686333358928e-13	4.5787633005358e-12	3.65410490084222e-17
4	Pdcl3	7.3864431226983e-09	0.423109775891473	0.676	0.338	0.000108625032562401	1.96472629061798e-17	0.439282990011118	0.74	0.429	2.8893264829828e-13	7.3864431226983e-09	3.92945258123597e-17
4	Adk	2.94194866555335e-12	0.448640400699199	0.514	0.175	4.32642970756276e-08	2.65757828515478e-17	0.404920996016035	0.536	0.243	3.90823462614862e-13	2.94194866555335e-12	5.31515657030957e-17
4	Arl3	2.45753227171897e-08	0.325992697086117	0.595	0.268	0.000361404695878991	2.89069126919179e-17	0.328285540970052	0.635	0.309	4.25105058047345e-13	2.45753227171897e-08	5.78138253838358e-17
4	Ccnd2	2.20639582108113e-06	0.317425521465275	0.662	0.353	0.0324472569448191	3.55159399734358e-17	0.429075894353583	0.735	0.403	5.22297413249347e-13	2.20639582108113e-06	7.10318799468716e-17
4	Slc29a1	1.60612445541671e-05	0.338604043994308	0.581	0.321	0.236196662413581	3.75176220843862e-17	0.483341361466934	0.751	0.442	5.51734150372983e-13	1.60612445541671e-05	7.50352441687724e-17
4	Pfdn1	1.15890339684245e-07	0.376350462371741	0.649	0.341	0.0017042833353965	5.46665017886657e-17	0.332925078089954	0.713	0.381	8.03925575304118e-13	1.15890339684245e-07	1.09333003577332e-16
4	Lcn2	2.5864669540665e-05	1.48373816750456	0.216	0.08	0.38036583026502	7.42318350425912e-17	1.25236624693793	0.304	0.096	1.09165336613635e-12	2.5864669540665e-05	1.48463670085183e-16
4	Hist1h2bc	1.02457452761757e-08	0.375156358156981	0.77	0.406	0.000150673930031439	1.72724202525209e-16	0.381415474996032	0.768	0.442	2.54008212233572e-12	1.02457452761757e-08	3.45448405050418e-16
4	Chpf	5.90157194206131e-08	0.312949386765239	0.365	0.128	0.000867885169799537	2.27104701326517e-16	0.309939932176604	0.514	0.212	3.33980173770776e-12	5.90157194206131e-08	4.54209402653035e-16
4	mt-Nd4l	6.11389121877174e-11	0.297079259168789	0.581	0.214	8.99108842632572e-07	3.26420252263224e-16	0.319039243048638	0.724	0.379	4.80033622978297e-12	6.11389121877174e-11	6.52840504526449e-16
4	Asph	2.75612910745334e-12	0.435612344746675	0.541	0.195	4.05316346542089e-08	3.28509611736375e-16	0.386077394509473	0.608	0.299	4.83106235019513e-12	2.75612910745334e-12	6.57019223472752e-16
4	Gm12840	1.56099407863024e-08	1.15276543065076	0.324	0.11	0.000229559789203363	4.02815580052071e-16	0.672599308736314	0.282	0.085	5.92380592024575e-12	1.56099407863024e-08	8.05631160104144e-16
4	Mob2	5.04924202956137e-08	0.50843929894315	0.432	0.175	0.000742541532867295	5.48539493374718e-16	0.492977251891185	0.497	0.218	8.06682178956861e-12	5.04924202956137e-08	1.09707898674944e-15
4	Gstp1	3.62027808563621e-11	0.360664808230504	0.554	0.199	5.32398095273661e-07	5.78525001795283e-16	0.331638128352351	0.707	0.356	8.50778867640143e-12	3.62027808563621e-11	1.15705000359057e-15
4	Kdelr3	3.97214378172458e-15	0.391197188607907	0.405	0.096	5.84143464540416e-11	5.98925029820887e-16	0.34909042635957	0.464	0.185	8.80779148854597e-12	3.97214378172458e-15	1.19785005964178e-15
4	Hif1a	3.28881505952239e-14	0.427705249877172	0.581	0.19	4.83653142653363e-10	7.23056830175548e-16	0.340484611306476	0.558	0.256	1.06332737445616e-11	3.28881505952239e-14	1.44611366035109e-15
4	Anxa1	2.41737779886899e-12	0.601652141330409	0.878	0.477	3.55499579101674e-08	9.27918716764689e-16	0.53426403037904	0.873	0.568	1.36459726487415e-11	2.41737779886899e-12	1.85583743352938e-15
4	Sdc1	2.81438708123766e-14	0.558410504819496	0.378	0.092	4.13883764166811e-10	9.30078120905802e-16	0.396282807630432	0.414	0.161	1.36777288460407e-11	2.81438708123766e-14	1.86015624181161e-15
4	Itgb5	1.77140507920125e-11	0.442065117834673	0.581	0.225	2.60502830947336e-07	9.33046443518105e-16	0.386739023950271	0.691	0.368	1.37213809983773e-11	1.77140507920125e-11	1.86609288703621e-15
4	Mrps6	4.35036124570491e-11	0.477192975856119	0.405	0.126	6.39764124793363e-07	1.86576874915221e-15	0.281214463661763	0.42	0.163	2.74379952250324e-11	4.35036124570491e-11	3.73153749830444e-15
4	Fth1	1.32438571139038e-07	0.616863581711989	0.986	0.982	0.0019476416271707	2.0450681979267e-15	0.294333191901416	1	0.994	3.00747729187101e-11	1.32438571139038e-07	4.09013639585342e-15
4	Phlda3	2.97818676693708e-15	0.750193171945493	0.568	0.18	4.37972145945767e-11	3.18227959871727e-14	0.39037891129387	0.569	0.268	4.67986037787362e-10	3.18227959871727e-14	5.95637353387418e-15
4	Cystm1	3.28236504619401e-15	0.679228646418726	0.405	0.099	4.82704603693291e-11	4.82771683860326e-12	0.330343966826764	0.359	0.151	7.09964038284995e-08	4.82771683860326e-12	6.56473009238801e-15
4	Skp1a	4.38290433904787e-05	0.291711521859988	0.716	0.441	0.644549912100379	3.37840747663274e-15	0.340077605550017	0.818	0.497	4.96828603513611e-11	4.38290433904787e-05	6.75681495326549e-15
4	Gstm2	8.39986646603438e-10	0.472496243199655	0.486	0.187	1.23528436249502e-05	4.08320061945696e-15	0.35104003763916	0.586	0.277	6.0047548309734e-11	8.39986646603438e-10	8.16640123891392e-15
4	Svil	4.33059335761675e-05	0.269519790123347	0.378	0.173	0.636857059171119	4.26747267980676e-15	0.469581658457344	0.464	0.22	6.27574532292382e-11	4.33059335761675e-05	8.53494535961352e-15
4	Prss23	1.94004645072744e-14	0.579259436144781	0.554	0.171	2.85303231043977e-10	4.56613916813517e-15	0.357575127118021	0.547	0.243	6.71496426065957e-11	1.94004645072744e-14	9.1322783362703e-15
4	Spp1	0.00774576682377353	2.42974482753007	0.351	0.238	1	6.38936487616224e-15	2.82064509708797	0.691	0.471	9.39619998688418e-11	0.00774576682377353	1.27787297523244e-14
4	Morf4l2	6.62588059216352e-08	0.372976877607873	0.797	0.46	0.000974401999883567	6.89531122093487e-15	0.354119261649494	0.851	0.551	1.01402446815068e-10	6.62588059216352e-08	1.37906224418697e-14
4	Ywhaq	1.92009849630956e-05	0.301335710831792	0.905	0.662	0.282369684867284	8.51824365335435e-15	0.333917589963492	0.912	0.716	1.25269291166229e-10	1.92009849630956e-05	1.70364873067086e-14
4	Cd151	2.57348557131911e-08	0.455613956582899	0.743	0.401	0.000378456788118188	9.44529269162445e-15	0.31685075611674	0.807	0.48	1.38902474323029e-10	2.57348557131911e-08	1.88905853832488e-14
4	Camk2g	3.54991631459436e-07	0.262100360527846	0.351	0.13	0.00522050693224247	1.37004298818181e-14	0.291986540826868	0.343	0.125	2.01478521842017e-10	3.54991631459436e-07	2.7400859763636e-14
4	Ilk	3.93934569012671e-10	0.546312265249311	0.716	0.394	5.79320177190035e-06	3.52749276173744e-14	0.423189767607648	0.746	0.478	5.18753085541108e-10	3.93934569012671e-10	7.05498552347475e-14
4	1110008P14Rik	0.000169834592543645	0.330176196414722	0.405	0.22	1	3.53086539507592e-14	0.389268868151609	0.53	0.27	5.19249064999865e-10	0.000169834592543645	7.06173079015172e-14
4	Uba2	3.67552192355385e-14	0.905349617555569	0.689	0.272	5.40522254077829e-10	2.95428233421328e-08	0.26383544031427	0.564	0.337	0.000434456760069404	2.95428233421328e-08	7.35104384710755e-14
4	Ndufb2	2.24717747194745e-11	0.502777285287791	0.797	0.444	3.30469919024592e-07	3.9803167760488e-14	0.362119917773924	0.801	0.532	5.85345385085737e-10	2.24717747194745e-11	7.96063355209743e-14
4	Zbtb20	3.44145808427192e-07	0.46634448329479	0.811	0.528	0.00506100825873029	4.38504078598325e-14	0.334518015892543	0.928	0.575	6.44864097986696e-10	3.44145808427192e-07	8.77008157196629e-14
4	Pgrmc1	1.55150585277393e-06	0.418677753781822	0.662	0.371	0.0228164450708935	8.23547486758553e-14	0.333950968017304	0.779	0.459	1.21110893402713e-09	1.55150585277393e-06	1.64709497351703e-13
4	Emc8	9.17626887457735e-14	0.446521969389127	0.514	0.159	1.34946210069535e-09	1.32031344176952e-13	0.343691503641111	0.486	0.239	1.94165294746625e-09	1.32031344176952e-13	1.83525377491538e-13
4	Fndc3b	6.52284636334158e-07	0.343762193524735	0.514	0.237	0.00959249786193013	1.05913250385958e-13	0.267264705160875	0.63	0.323	1.55756026017589e-09	6.52284636334158e-07	2.11826500771904e-13
4	Rexo2	4.04584495161779e-06	0.3605271348076	0.73	0.466	0.0594981958584913	1.39148611858366e-13	0.35121829179228	0.818	0.561	2.04631948598913e-09	4.04584495161779e-06	2.78297223716712e-13
4	Vkorc1	1.68486920770768e-06	0.27322812547017	0.716	0.411	0.0247776865685492	1.47967632731942e-13	0.331158493922406	0.768	0.488	2.17601200695594e-09	1.68486920770768e-06	2.95935265463862e-13
4	Pebp1	1.28140835187957e-08	0.411140828690453	0.851	0.556	0.00018844391222741	1.51802742827819e-13	0.284957072068722	0.895	0.649	2.23241113602591e-09	1.28140835187957e-08	3.03605485655615e-13
4	Myo1c	4.82400697162658e-10	0.264026290125097	0.486	0.169	7.09418465247404e-06	1.77437225362375e-13	0.266654342726813	0.481	0.218	2.60939183617908e-09	4.82400697162658e-10	3.54874450724717e-13
4	Mef2c	5.42637207621143e-06	0.471339780548727	0.649	0.401	0.0798002277527653	2.05678321558138e-13	0.307403869532552	0.773	0.449	3.02470539683398e-09	5.42637207621143e-06	4.11356643116233e-13
4	Nbl1	9.14209233937486e-12	0.331550119961133	0.622	0.218	1.34443609942847e-07	2.07209664436481e-13	0.407749728428766	0.635	0.321	3.04722532520289e-09	9.14209233937486e-12	4.14419328872919e-13
4	Dtx3	2.77312644124609e-13	0.57141652200072	0.459	0.139	4.0781597444965e-09	1.95108806979971e-12	0.307060963888359	0.453	0.201	2.86927011544746e-08	1.95108806979971e-12	5.5462528824914e-13
4	Znhit6	2.05451548197566e-07	0.268930487658623	0.27	0.083	0.00302137046779341	3.22604133736707e-13	0.366532498195537	0.331	0.13	4.74421639073201e-09	2.05451548197566e-07	6.45208267473308e-13
4	Rbp1	9.73966221403841e-08	0.501837055973939	0.541	0.258	0.00143231472519649	4.84695505868534e-13	0.303039717240592	0.762	0.409	7.12793210930267e-09	9.73966221403841e-08	9.69391011736833e-13
4	Gamt	6.04905138559216e-09	0.460972861307077	0.338	0.108	8.89573496765184e-05	6.40629525170141e-13	0.327198794142571	0.331	0.133	9.42109779715209e-09	6.04905138559216e-09	1.28125905033987e-12
4	Swi5	1.90226542312168e-05	0.283920345782451	0.892	0.617	0.279747153124274	6.63809974901178e-13	0.29768747412298	0.895	0.696	9.76198949089673e-09	1.90226542312168e-05	1.32761994980192e-12
4	Fibin	4.70717959101563e-12	0.579723173830938	0.311	0.072	6.92237830654758e-08	7.34140697668144e-13	0.573130236044813	0.392	0.163	1.07962730999077e-08	4.70717959101563e-12	1.46828139533575e-12
4	Cpq	1.226894976696e-08	0.366818268166525	0.622	0.282	0.000180427175272913	8.63019898194568e-13	0.32299186264304	0.735	0.436	1.26915706228493e-08	1.226894976696e-08	1.72603979638839e-12
4	Ndufs5	4.71429245775032e-07	0.369222629154598	0.851	0.531	0.00693283848836762	1.53346199182593e-12	0.272904707896512	0.878	0.634	2.25510920517921e-08	4.71429245775032e-07	3.06692398364949e-12
4	Zeb1	3.60810288222429e-08	0.280803892439441	0.446	0.165	0.000530607609859904	1.65919998311678e-12	0.258173790959974	0.464	0.209	2.44001949517154e-08	3.60810288222429e-08	3.31839996623081e-12
4	Rock2	1.94118265537981e-10	0.398794150848171	0.649	0.271	2.85470321300155e-06	3.74304569345624e-12	0.273557125001612	0.63	0.337	5.50452299679675e-08	1.94118265537981e-10	7.48609138689847e-12
4	Fam129a	6.78368802531252e-12	0.504158381516019	0.486	0.173	9.97609161002459e-08	6.50769908797514e-11	0.348579659630664	0.514	0.283	9.57022227877624e-07	6.50769908797514e-11	1.3567376050579e-11
4	Cox7c	1.76566615812253e-08	0.369646035553987	0.946	0.83	0.0002596588652135	9.59592598865333e-12	0.27738611002336	0.934	0.847	1.41117687589136e-07	1.76566615812253e-08	1.91918519772145e-11
4	S100a6	2.79674563538028e-11	0.668682221661334	0.986	0.717	4.11289413139024e-07	1.08884436207196e-11	0.312427201523033	0.983	0.768	1.60125451886303e-07	2.79674563538028e-11	2.17768872413206e-11
4	Eva1b	4.31347415502326e-10	0.361129220799605	0.689	0.295	6.34339509237721e-06	3.28154100053256e-11	0.259618939244647	0.702	0.404	4.82583419538319e-07	4.31347415502326e-10	6.56308200095742e-11
4	Timp1	2.29140630773069e-08	0.936242711113726	0.419	0.166	0.000336974211614876	4.14308867884272e-11	0.819142434256683	0.486	0.273	6.09282621110611e-07	2.29140630773069e-08	8.28617735751379e-11
4	Smim14	5.7000282468948e-06	0.340313905522893	0.865	0.624	0.0838246153988349	1.14145767951337e-10	0.293542437061687	0.906	0.743	1.67862766349236e-06	5.7000282468948e-06	2.28291535889644e-10
4	Mgst3	1.47956218318676e-10	0.786354173128573	0.514	0.2	2.17584414659444e-06	0.00485066456841994	0.289649064431052	0.343	0.239	1	0.00485066456841994	2.9591243661546e-10
4	Ppa1	0.00014193341878961	0.291657202505644	0.284	0.122	1	1.52974308803908e-10	0.360685607986547	0.381	0.177	2.24964018527026e-06	0.00014193341878961	3.05948617584413e-10
4	Mpc1	4.92227569025612e-08	0.376934899844177	0.824	0.472	0.000723869863009065	1.71902220388898e-10	0.252240418283405	0.856	0.567	2.52799405303914e-06	4.92227569025612e-08	3.43804440748246e-10
4	Siva1	1.68115936598428e-05	0.363712388596734	0.446	0.221	0.247231296361648	4.06385999939965e-10	0.290249216840599	0.575	0.317	5.97631251511712e-06	1.68115936598428e-05	8.12771999714779e-10
4	Alcam	7.55377714543985e-05	0.27499259154889	0.365	0.176	1	8.7923160285641e-10	0.403244941841833	0.448	0.239	1.29299799516064e-05	7.55377714543985e-05	1.75846320493977e-09
4	Ndufb9	1.89324761365607e-05	0.303601050209285	0.797	0.574	0.278420994064262	1.02331316462491e-09	0.343497312740281	0.851	0.651	1.5048843398974e-05	1.89324761365607e-05	2.04662632820266e-09
4	mt-Co1	1.15914466400839e-07	0.310622734545931	0.986	0.955	0.00170463814289073	2.57668570674911e-09	0.26674343475086	0.994	0.973	3.78927400034525e-05	1.15914466400839e-07	5.15337140685891e-09
4	Ndufb3	9.01376819662311e-09	0.406042456391087	0.811	0.42	0.000132556475099539	2.70886696380091e-09	0.284880413793709	0.779	0.524	3.98365975696561e-05	9.01376819662311e-09	5.41773392026384e-09
4	Vcam1	9.9046213953951e-09	0.930963168596743	0.446	0.178	0.00014565736224068	2.74623117019825e-09	0.583240593011497	0.47	0.259	4.03860755889355e-05	9.9046213953951e-09	5.49246233285471e-09
4	S100b	3.03481371496792e-09	0.257817720843371	0.189	0.037	4.46299704923183e-05	3.12786306447723e-09	0.356018023382356	0.21	0.077	4.59983542262022e-05	3.12786306447723e-09	6.06962742072574e-09
4	Acadm	2.26173485591295e-05	0.34432839238776	0.5	0.269	0.332610727910558	7.68444353439636e-09	0.289582343062194	0.564	0.334	0.000113007426616833	2.26173485591295e-05	1.5368887009742e-08
4	Mbnl1	0.00211587823062245	0.291145991475142	0.77	0.582	1	7.77924767856686e-09	0.272444878244744	0.856	0.673	0.000114401616361004	0.00211587823062245	1.5558495296617e-08
4	Zyx	0.000782831330955187	0.252248589819506	0.581	0.353	1	1.48231778638136e-08	0.341078853334974	0.674	0.456	0.000217989653665242	0.000782831330955187	2.96463555079004e-08
4	Dap	7.56717067576997e-07	0.366458591595392	0.635	0.382	0.0111282811957873	2.29602759638662e-08	0.327055364639867	0.669	0.494	0.000337653818324616	7.56717067576997e-07	4.5920551400558e-08
4	Hp	0.0296879459595271	1.24282956112412	0.216	0.131	1	2.43078534366994e-08	1.4211910763213	0.276	0.126	0.000357471292640101	0.0296879459595271	4.86157062825269e-08
4	Fgl2	0.000546941077765741	0.337732350730408	0.392	0.224	1	3.36983106165396e-08	0.467034812651189	0.558	0.369	0.000495567355926831	0.000546941077765741	6.73966200975029e-08
4	Omd	0.00885542619292683	0.447280441022946	0.122	0.05	1	4.14512125195055e-08	0.468553420520966	0.254	0.11	0.000609581531311847	0.00885542619292683	8.29024233208077e-08
4	Ndufa11	6.46026610669618e-06	0.39039694551542	0.743	0.496	0.0950046733650741	1.0070638383013e-07	0.283977469929145	0.801	0.599	0.0014809880806059	6.46026610669618e-06	2.01412757518485e-07
4	Cnn2	9.91849859021291e-06	0.372780260884268	0.662	0.416	0.145861440267671	1.20222803424488e-07	0.282162279311253	0.729	0.532	0.00176799654716052	9.91849859021291e-06	2.40445592395454e-07
4	Comp	1.62157386236275e-06	1.69481869158327	0.243	0.083	0.0238468652199066	0.00120527151610819	0.97056370115413	0.271	0.168	1	0.00120527151610819	3.2431450952237e-06
4	Fmo2	0.000594021838220706	0.359667549022533	0.486	0.284	1	2.47416246477227e-06	0.325469976640544	0.552	0.363	0.036385033206941	0.000594021838220706	4.94831880806463e-06
4	Lum	0.001630453864348	1.11120296915419	0.419	0.269	1	3.6018097573312e-06	1.11488276169121	0.635	0.535	0.0529682142913127	0.001630453864348	7.20360654162888e-06
4	Gdf10	0.0006101071983994	0.572776318141281	0.216	0.092	1	1.29858635656928e-05	0.370479728699252	0.309	0.175	0.190970109597079	0.0006101071983994	2.59715584987331e-05
4	Prg4	0.040403142264005	0.922117113056503	0.216	0.138	1	4.18975025190027e-05	0.522317434674028	0.293	0.169	0.616144672044453	0.040403142264005	8.3793249637288e-05
4	Steap4	4.31484417915303e-05	0.550090432182569	0.297	0.124	0.634540984986244	0.00324422483092487	0.283285901020041	0.215	0.135	1	0.00324422483092487	8.62950217950316e-05
4	Errfi1	0.000166358219988512	0.31813246189561	0.351	0.168	1	0.000194383445318371	0.300596028688747	0.365	0.235	1	0.000194383445318371	0.000332688764919666
4	Pcolce2	0.0111134234408074	0.612472000378107	0.297	0.163	1	0.000373373694336337	0.459162675308651	0.398	0.265	1	0.0111134234408074	0.000746607980757051
4	Crip1	0.00143373291555801	0.619085034386284	0.946	0.892	1	0.00125049136146324	0.390068117871391	0.967	0.918	1	0.00143373291555801	0.00249941899428139
4	Cst3	0.00137792920434759	1.06265689712933	1	0.956	1	0.7581029365924	0.572067833920295	0.994	0.992	1	0.7581029365924	0.00275395971980298
4	Cytl1	0.0251958362766272	2.13394046027881	0.162	0.088	1	0.0014684219895894	1.60852158540839	0.376	0.278	1	0.0251958362766272	0.00293468771603929
