	logFC	AveExpr	t	P.Value	adj.P.Val	B
Lyl1	2.57966307097479	2.91459743719185	9.47948545755299	1.29017274365506e-06	0.000133131551817567	5.88570637505499
Batf	1.62559417992314	1.32755385697654	9.32274723231324	1.52033553589822e-06	0.000133131551817567	5.72054061646441
Tbx21	1.34318930840474	-0.157273938870233	9.21979861773329	1.69545198175715e-06	0.000133131551817567	5.61069383820097
Myb	0.828946404927184	1.42245311287769	8.98895353463542	2.1726345785116e-06	0.000133131551817567	5.36036937136323
Bcl11a	1.41320076785755	1.2401049990768	8.92247025888606	2.33564125995732e-06	0.000133131551817567	5.28722922408155
Spi1	2.49272076007899	1.0152307647405	8.64241430927312	3.18262212557529e-06	0.000144707533340123	4.97386439637088
Runx3	0.432265079682547	-0.0292206964469003	8.5441170781806	3.55422011712583e-06	0.000144707533340123	4.86181922811142
Ikzf1	1.57067177338014	2.09185552722472	8.27263101973797	4.84631203887424e-06	0.000172649866384895	4.54665778273526
Pou2f2	1.98716111775137	2.3629015753473	7.62130014498456	1.05287435861391e-05	0.000310019162178428	3.75492291027155
Bhlhe22	-0.530637428852511	-2.60046556425538	-7.59475539455808	1.0877865339594e-05	0.000310019162178428	3.72154874271718
E2f1	0.623960665847441	2.37801283685409	7.46788316105507	1.27275105636576e-05	0.00032975822824022	3.56079980457531
Nfe2	0.675951906342419	2.42381073801868	7.37370010829329	1.43185198208749e-05	0.000340064845745778	3.44013533503812
Ets2	0.938635630785843	0.261620826838101	7.27497423040828	1.6218435163222e-05	0.000355558001655251	3.31241702773961
Foxl2	1.00201846570342	-1.61217853410153	7.21348930910989	1.75373484682125e-05	0.000357010308102898	3.23223223257624
Irf4	1.17528804694513	1.86755269942865	7.03063738086409	2.21881042418256e-05	0.000399294366539842	2.99081353538191
Runx1	1.34530007728059	1.66380222079581	7.02274729791817	2.24165258408332e-05	0.000399294366539842	2.98029592482001
Rel	0.683186042390135	-0.568836426187761	6.5300783502821	4.31581389112107e-05	0.000723533505276179	2.30676263438147
Maf	0.911894892514258	1.8251714511118	6.35016512474946	5.52526046785583e-05	0.000874832907410507	2.05240256308125
Mycn	0.408238812081055	2.10613943303432	6.0844763341731	8.02102888437595e-05	0.00108933500875052	1.66837586773971
Mycs	0.408238812081055	2.10613943303432	6.0844763341731	8.02102888437595e-05	0.00108933500875052	1.66837586773971
Zfp592	0.333500584299707	1.71038124681117	6.08398077111673	8.02667901184597e-05	0.00108933500875052	1.66765014864771
Relb	0.760271658830303	2.59615589152251	5.99515243249464	9.11146883043875e-05	0.00113322032099849	1.53699671851188
Mier1	0.269166219066626	2.80742344995806	5.99256774324458	9.14528680104045e-05	0.00113322032099849	1.53317802141139
Srebf1	-0.277962040175747	3.25337163275482	-5.71524219377375	0.000136824439744429	0.00157856159545633	1.11784627534418
Smad4	-0.341661803506916	-0.0506221014122302	-5.70712237637347	0.000138470315390906	0.00157856159545633	1.10551823887317
Foxo1	-0.397041531180053	-0.568887660551071	-5.5515206597401	0.000174441169087193	0.00183263114832877	0.867431606378339
Ctcf	0.272831373228924	1.26726834825067	5.54298567166659	0.000176682305162493	0.00183263114832877	0.854270982740067
Tcf7	0.860502561655835	1.59946546139141	5.53038193718275	0.000180047972467388	0.00183263114832877	0.834817282035266
Nfkb1	1.1155357543464	-0.870833777503597	5.45682077658429	0.000201100793414553	0.00197633538355682	0.720819609434737
Nfatc1	0.46459502935979	2.96799704959195	5.3748942467965	0.000227663207811597	0.00216280047421017	0.592941633352814
Mef2c	0.605100141547512	2.95235126405559	5.3507424854749	0.000236186598277542	0.00217139291964837	0.555059662862149
Nfyb	0.376892074783974	4.85485972814186	5.31473967797673	0.000249526726159057	0.00220683940376104	0.498434374648689
Etv1	0.412600333837894	2.12189767104302	5.29920197325163	0.000255528773067068	0.00220683940376104	0.473939424041482
Stat5b	0.513251779714881	0.972999698638099	5.20904447459957	0.000293515935256486	0.00246035416317937	0.331128980547962
Jun	0.583529759129787	0.116696851571927	5.14274626437994	0.000325247985007213	0.00264844787791587	0.225376801970074
Sp3	0.661562949363951	0.762177989495135	5.12446848308572	0.000334621165647436	0.0026490842280422	0.196112984236362
Ets1	0.755496673974481	1.80854875842137	5.0862414428611	0.000355161578075864	0.00273570404734112	0.134757635916015
Pou2f1	0.463592226556672	0.910691358824157	5.03890153456578	0.000382464463988342	0.00286848347991256	0.0584928072211337
Spib	0.97351210998937	0.0381788648612676	5.01404065133909	0.000397683967070665	0.00290615206705486	0.018316934457407
Nr1h3	0.476484394625771	2.05553414487151	4.96666362201475	0.000428488269818862	0.00305297892245939	-0.0584824250532723
Fosl1	0.376954347748961	-1.00604425399845	4.95028682697996	0.00043971469875437	0.00305655339378038	-0.0851015412159457
Klf1	0.473756411531141	3.67570161890096	4.89262280606703	0.000481782211841697	0.00326923643749723	-0.179121805714474
Pbx2	0.469987198219877	2.32219468423228	4.80145388196013	0.000557186231944962	0.00369297851405382	-0.328690941925998
Tal1	0.380537507147018	1.36503240462561	4.78571780635657	0.000571414696871038	0.00370120883200559	-0.354619917307694
Pknox1	0.288013145649198	1.69260238005633	4.75990444697727	0.000595590721419042	0.00377207456898726	-0.397224905167994
Foxj2	0.326873812662217	1.52591130717254	4.69982083064459	0.000656134545311081	0.00406518142203605	-0.496733245244595
Eomes	0.559647931687308	0.0901539723160422	4.64843967595399	0.000713050693039694	0.00423581188787329	-0.582202216213166
Pax5	0.60618525385426	1.0418438287367	4.63722037808007	0.000726156172590899	0.00423581188787329	-0.600910028685317
Rela	1.00394293859962	-0.894620928918409	4.63543717871681	0.000728262394757162	0.00423581188787329	-0.603884941655364
E2f7	0.2742060879249	4.39323886199901	4.59017784804724	0.000783929135171767	0.00424205553042922	-0.679526835053611
Tfdp1	0.249321706518729	1.60049397569648	4.59013482078824	0.000783984136049174	0.00424205553042922	-0.679598870153739
E2f2	0.370634579196793	-0.122795518319375	4.58595489750297	0.000789346636974524	0.00424205553042922	-0.68659790151592
Zeb2	-0.511977259345997	-4.40437246892748	-4.57727846294125	0.000800601268275779	0.00424205553042922	-0.701133103719445
Stat5a	0.335129884562831	1.12916588192907	4.57486796955696	0.000803757889976063	0.00424205553042922	-0.705172966217795
Sp1	0.688501385471846	3.00040000049643	4.51683650735465	0.000883835716058504	0.00457987598321225	-0.802649808370225
Srebf2	-0.30432691094569	1.97397665669286	-4.44668020809464	0.000991971734495363	0.00504842757734247	-0.921046419595917
Bhlhe40	-0.28749305923957	-2.66909611911843	-4.34262521722302	0.00117861559868492	0.0058930779934246	-1.09773373726559
Zbtb7a	-0.334352013686867	-5.3412827399034	-4.30849959404117	0.00124756068462012	0.00613025508821957	-1.15595306289249
Mitf	0.350029849998911	1.01522299966069	4.28090223890685	0.00130639938880681	0.00631057331881255	-1.20313114914634
E2f4	0.48437637585627	5.26573185062747	4.25665262106367	0.00136049675192851	0.00643706171892864	-1.24465617345783
Elf5	0.258634029803988	1.98935311317541	4.24912723371254	0.00137775706966543	0.00643706171892864	-1.25755580148398
Nono	0.185988951735943	4.46608386695602	4.12707546977392	0.00169201859595044	0.00769013756822571	-1.46761546397257
Prdm1	0.351789785430849	-0.489671420105918	4.09664065437237	0.00178148066896649	0.00769013756822571	-1.52023558248147
Duxbl1	0.280934802276341	0.0246665621906175	4.09179372376631	0.00179617708350882	0.00769013756822571	-1.52862417524017
Duxbl2	0.280934802276341	0.0246665621906175	4.09179372376631	0.00179617708350882	0.00769013756822571	-1.52862417524017
Duxbl3	0.280934802276341	0.0246665621906175	4.09179372376631	0.00179617708350882	0.00769013756822571	-1.52862417524017
Mta2	0.2348002065304	4.30531562188991	4.08797106253253	0.00180785690200394	0.00769013756822571	-1.53524169758037
Nfkb2	-0.234814809419998	0.744201390178568	-4.04471053049987	0.0019456879654851	0.00815472162004785	-1.61023043172423
Elf1	0.2775957493039	6.31153710335939	3.97751241271857	0.002181876417439	0.00901209824594371	-1.72706338775934
Cebpa	0.461198761022	2.23275003343409	3.94183961059603	0.00231919264529553	0.00944242719870324	-1.78925127891387
Taf1	0.424960123798159	7.29853654377653	3.87895158085457	0.00258355917751531	0.0102839024637547	-1.89914863139236
Ebf1	0.541748822528224	2.37422485619052	3.87570269697159	0.00259803851715909	0.0102839024637547	-1.90483495976076
Esr2	0.31537147952008	1.16735805579754	3.8191806000621	0.00286386198715522	0.011180831045743	-2.00389530463519
Elk1	0.30778127992383	0.51474473085817	3.72252940991304	0.00338559710460199	0.0130391239839401	-2.17383039225189
Stat1	0.765307079619783	1.11528293440899	3.68595123389742	0.00360786424702118	0.0136023653209395	-2.23830640655247
Zfp740	0.251437606268393	4.49639758467327	3.68286448239397	0.00362729741891719	0.0136023653209395	-2.24375118733775
Irf1	0.470178292252974	-0.96285719882688	3.64079137211218	0.00390321048664033	0.0143400130534225	-2.3180206287959
Nr2f1	0.351341982725173	1.89998339337678	3.63765376203215	0.00392463515146299	0.0143400130534225	-2.32356332281393
Runx2	0.621930969638284	2.00727961500988	3.62953808623297	0.00398061586095684	0.0143604496249709	-2.33790243962856
Usf1	0.356768870270659	3.39547324130467	3.57887553953926	0.00434918328472925	0.015493965451848	-2.4274929624722
Cebpd	0.563537957408761	1.59651516454919	3.55616041935781	0.00452567229907801	0.0159236617930523	-2.46770259363406
Egr1	0.346450883168025	3.81527620091936	3.49021660776818	0.0050809415925187	0.0174830336543424	-2.58455956785769
Nr5a2	0.291083439512334	0.0597002997349623	3.48903003804043	0.00509155015196639	0.0174830336543424	-2.58666379662693
Ubtf	0.268887204483795	2.68878781477321	3.39461688845502	0.00601282348280216	0.0204006511023645	-2.75423437596637
Klf9	0.29150788327854	4.57378175792261	3.38436989739213	0.00612258937367676	0.0205286820176221	-2.77243538736138
E2f6	-0.241534583408474	-2.89745971213733	-3.32444566192335	0.0068068208499069	0.0224210927145217	-2.87891190874254
Tcf4	0.405118648853528	1.98247615801801	3.32134064019108	0.00684433356548558	0.0224210927145217	-2.88443043262164
Wt1	-0.217489988629361	0.382494866277408	-3.30992258923533	0.00698410238587939	0.0226189679542685	-2.90472443930875
Onecut1	0.626302232829599	0.558638515380889	3.28101299109265	0.00735114994430875	0.0235401992598651	-2.95611162278577
Jund	0.198982014870995	-1.15390572004052	3.26004348182882	0.00762964133743237	0.0241605309018692	-2.99338732831797
Foxp1	-0.779847871009876	-5.36288223700369	-3.2388334124455	0.00792226606513146	0.0248114926215655	-3.03109067365141
Tbp	-0.234563587571662	4.53116573367486	-3.1988016712275	0.00850605954287619	0.0263502931491273	-3.10224588626737
Sox9	-0.261453248696992	-1.35639500805345	-3.17472338161117	0.008878071033429	0.0272069918766373	-3.14503672352212
Ahr	0.386564022451414	4.0119026841397	3.15177102821652	0.00924805970943409	0.0280393299700927	-3.18581841599522
Rfx2	-0.172556696533657	-0.065718981077413	-3.08121635362964	0.0104862184875306	0.0314586554625918	-3.31110528486478
Gata1	0.241915133452594	-0.228758980779308	3.02174738516834	0.0116593152617904	0.0346135921834401	-3.41658062352032
Elk4	0.128971278946876	2.61878790026435	2.95644788280666	0.0131005425432497	0.0384912847920222	-3.53220945412902
Max	0.195926635453706	3.44283430524777	2.94933484869386	0.0132679893294021	0.0385781038045241	-3.54479053203015
Sox13	-0.219287576390215	0.922625135139209	-2.94375637395882	0.0134008150057821	0.0385781038045241	-3.55465521091966
Foxo3	0.149220872715824	1.99316441590267	2.93154904348531	0.0136961553906183	0.0390340428632622	-3.57623515243622
Nr2f2	0.292907800206204	-1.66664638554457	2.92131787628852	0.0139487142653404	0.0393602333229902	-3.59431417055251
Tgif2	-0.14771667134643	-2.18706343324355	-2.85230256112579	0.0157788001898004	0.0440708874226477	-3.71607018106553
Twist1	-0.238122185525833	1.71762885892519	-2.84705633420659	0.0159273733492376	0.0440708874226477	-3.72531013470793
Ppara	0.198995430383239	-0.2086164913073	2.83888810822396	0.0161614866137772	0.0442886892781393	-3.73969179303266
Arntl	-0.138721773006182	0.390932863474162	-2.81848258888368	0.016761473201116	0.045495427260172	-3.77559370552881
Elf3	0.279872603504357	0.346805543917783	2.80425739864778	0.0171928454655047	0.0462260467704608	-3.80059919471947
Stat2	1.04358521941204	0.653084758882982	2.77147689489333	0.0182295176604091	0.0485552573197812	-3.85814671246494
Fosl2	0.141087035875209	-0.672022399867569	2.76531269483604	0.0184313034657186	0.0486381619234242	-3.86895597882563
Maff	0.416566328824356	1.14288205477435	2.75417651164185	0.0188015002683843	0.0491598860228396	-3.8884736565625
Tcf25	0.136125541476533	-5.10190921640002	2.72884799022472	0.0196712550959421	0.0509664336576683	-3.93281455383953
Stat6	0.220517346540848	-0.0821710193225289	2.68674500281884	0.0212062933563488	0.0540060848701278	-4.00635538166956
Meis1	0.362891580250051	1.67627572520175	2.68629187785564	0.0212234438787871	0.0540060848701278	-4.00714566409252
Six5	-0.155992867133486	1.80520033819973	-2.64918906998564	0.0226753769338871	0.0571901099659984	-4.07176484572881
E2f3	0.216204897330294	0.336584481516911	2.64265425510246	0.0229410903073389	0.0573527257683473	-4.08312688259932
Yy1	-0.123442330820841	0.399899409618284	-2.594025946102	0.0250173185422753	0.0619994416047693	-4.16748465832511
Hmbox1	-0.318984674186362	-3.65766918251808	-2.57729791077592	0.0257735099848844	0.0629091965955824	-4.1964215514553
Srf	-0.143236986261772	0.859287651110983	-2.57615734973071	0.0258258807076601	0.0629091965955824	-4.19839294955747
Zbtb11	0.116090807446422	3.54109497231721	2.53409218078033	0.0278321894744787	0.0672218135612408	-4.270952701307
Arid2	0.258910282388245	4.44602503319511	2.49929393755771	0.0296068431048064	0.0709071452510069	-4.33074969186102
Gata2	0.167647584364502	0.28276599017225	2.48108510016303	0.0305791427012664	0.0726254639155077	-4.36195269496401
Sox11	0.343615818895801	-0.334350323726565	2.45114626138712	0.0322460178654687	0.0759513643938725	-4.41312040481463
Hbp1	-0.14277568920357	-4.41102697863802	-2.4391502417552	0.0329385014139825	0.0769464992047953	-4.43357341282699
Smad2	-0.22164982646383	1.964952441717	-2.43264994084926	0.0333197705079983	0.0772043462990204	-4.44464427006957
Nr3c1	-0.215040861150079	-0.753496725163282	-2.42602396229787	0.033712833533146	0.0774851415882792	-4.45592034135615
Atf7	0.318884287609664	4.48665334536721	2.41339160550958	0.034474745180341	0.0786024190111775	-4.47739300582028
Arid3a	0.155906592852105	2.6461313715508	2.40544519766358	0.0349625800027725	0.0790299646614993	-4.49088334775478
Usf2	0.232472814980177	3.41158050637237	2.40134579695349	0.0352168614456506	0.0790299646614993	-4.49783753438871
Rxra	-0.24713147253043	-0.49050539421861	-2.3938140052752	0.0356887410293945	0.0794632124482613	-4.51060503522459
Gabpa	0.254653286583536	5.20560371323523	2.36718780142623	0.0374066121547952	0.0826425152257103	-4.55564124079809
Pgr	0.133493944422595	0.448926793830749	2.33981438579875	0.0392561178994254	0.0860614892410481	-4.60177503432318
Mafb	0.388816836601298	3.20857906086833	2.32934172313083	0.0399868461539363	0.0869942836173423	-4.61937910182352
Ncor1	-0.343031506711316	-3.84535961124865	-2.31163189060194	0.041252531610681	0.0880387254744763	-4.64908894894245
Ncoa2	0.318084399267338	2.78183177139418	2.30998455098885	0.0413722090869791	0.0880387254744763	-4.65184864887189
Arid1b	0.320366317806983	3.55471720003363	2.30968995593462	0.041393646363438	0.0880387254744763	-4.65234209827481
Hinfp	0.115435094925249	1.88387225351952	2.30177875344937	0.0419733549904717	0.0886104160909957	-4.66558546148017
Rfxank	0.13303006220005	-0.836855588144103	2.26232085281672	0.0449833696425508	0.0935785426870583	-4.7314032159503
Rfxap	0.13303006220005	-0.836855588144103	2.26232085281672	0.0449833696425508	0.0935785426870583	-4.7314032159503
Pou4f2	0.334073398456905	-0.0335478259441229	2.22848520788129	0.0477286108410198	0.0985699571716712	-4.78751916193435
Ncor2	-0.222021772566691	-4.7396888778981	-2.197234119409	0.0504060491498578	0.102638102215602	-4.83907032320058
Atf4	-0.204275781802788	0.631896839508703	-2.19709006564633	0.0504187168778398	0.102638102215602	-4.83930731432085
Thap11	0.130437932527691	-4.04105680637257	2.18755700372565	0.0512638148297288	0.10361834912392	-4.85497747257417
Sp4	0.163284612991152	3.09503554016985	2.16719924406553	0.0531139340653761	0.106601909919945	-4.88835252994945
Hif1a	0.179920223229314	2.81661236538871	2.16113474172542	0.053677251984785	0.106979138571075	-4.89827119337091
Pdx1	0.300503403857269	1.00224904456582	2.1229305319831	0.0573585818491682	0.113522193243145	-4.96049873033682
Cux1	0.132104790268981	3.05650815212502	2.08909458826581	0.0608175304088147	0.119537904596636	-5.01522918755271
Ar	0.135037206200568	2.65642631407553	2.08451873502543	0.0613001568431527	0.119661265070538	-5.02260231887995
Mef2a	0.33604703380818	5.80957192042141	2.06092901116588	0.063846034458336	0.123744023694145	-5.06050258931239
Pparg	0.203553786365429	0.74064475250375	2.05717673287349	0.0642600544095913	0.123744023694145	-5.06651393464616
Rfx1	-0.137650429078106	-0.533737724807872	-2.02361981634068	0.0680764552067043	0.129013044779832	-5.12005852736757
Irf9	0.214574188511889	2.84938238089207	2.02157203585919	0.0683160964414238	0.129013044779832	-5.12331330365929
Bach2	0.144210958804088	3.53465265239811	2.02124637272365	0.0683542798658058	0.129013044779832	-5.12383078117303
Creb1	0.146755442452743	-1.82394645880026	1.99248387875563	0.0718065024281795	0.134637192052837	-5.16938433628254
Thap1	0.0936700369314565	5.22742051199474	1.96443199832697	0.0753296059110677	0.140319854148067	-5.2135205455463
Mxi1	-0.145037692287265	-5.71069866360789	-1.95570304013393	0.0764583005203238	0.14149750420969	-5.22719423786523
Smarcc2	0.16903054524604	3.22236511990022	1.94253209084944	0.0781911331393301	0.143770793191671	-5.24777105437299
Klf5	0.148601201379623	2.76076110368089	1.92940538310073	0.079954328560701	0.146070407947434	-5.26821190943962
Irf3	0.124633506703325	1.38466191533558	1.91855111238329	0.0814400212644653	0.147078607786596	-5.2850630492491
Foxo4	-0.11561725144838	1.84777512303684	-1.91783946173703	0.0815383158957271	0.147078607786596	-5.28616624949986
Xbp1	0.116171431867548	1.11790262332723	1.90555927409645	0.083251843311239	0.147509707021915	-5.30517112452483
Prox1	0.120470449942728	2.06736748212938	1.90519719296841	0.0833028677086971	0.147509707021915	-5.30573056441984
Creb3	0.106040531275675	3.31503850959443	1.90500441992573	0.0833300450193976	0.147509707021915	-5.30602839028154
Irf2	0.192142177897468	2.1844342975958	1.86259323811468	0.0895118249501168	0.15658814344367	-5.37118199670128
Bcl6	-0.187518900104809	-2.9367154691216	-1.86229049320834	0.0895574294081342	0.15658814344367	-5.37164439789469
Arnt	0.309236973504457	4.43937541682098	1.85604420529779	0.0905031184719088	0.15727676075911	-5.38117609951711
Erg	0.100867178412441	1.015934558668	1.84719444266101	0.0918586520602662	0.158664944467732	-5.39465226866268
Nfic	0.0912998215686025	1.12098319313499	1.8335074683646	0.093991747422055	0.160690112438894	-5.41542823474382
Bach1	0.0996331702058693	2.90440358379874	1.82901054586178	0.0947024086749937	0.160690112438894	-5.42223657623705
Nfe2l2	0.0870250841716294	2.8249960024934	1.82888327676881	0.0947225925955588	0.160690112438894	-5.42242913345889
Kmt2a	0.34312045658677	5.08318872376777	1.80672174714274	0.0982976925793203	0.165768298136724	-5.45585078599316
Mta3	-0.12240944193695	-2.51385941472242	-1.78299478739492	0.102261101415544	0.171437728843705	-5.49139020514273
Smad1	0.15499159580062	2.23713404954267	1.7761424832214	0.10343241874236	0.1723873645706	-5.50160633116893
Atf2	0.155357268776504	1.53608304166782	1.76413186977436	0.105514840151676	0.174003336162346	-5.51946081836818
Six2	0.172644492288562	-0.358213222198448	1.7635134780082	0.105623077740652	0.174003336162346	-5.52037828413101
Etv4	0.185282496578781	1.89061320251934	1.75467740000804	0.107180664152428	0.175554536111735	-5.53346827336186
Pax8	-0.135128863209195	-1.4611791195757	-1.72400960381826	0.112748714831598	0.183619335582889	-5.57861389665153
Cebpg	0.147396327061033	3.69881397412571	1.67816704182759	0.121556783656417	0.196839109898175	-5.64524613286473
Hnf4a	-0.123144427127989	-1.34580779299144	-1.64757317626749	0.127771551520348	0.205733854142934	-5.68912720631895
Zfp24	-0.12197710052493	-0.51298712634682	-1.64241794923599	0.128846097383673	0.206006685407489	-5.69647396621344
Hoxb13	0.271564841199325	0.294883287830197	1.63983896183171	0.129386655045405	0.206006685407489	-5.70014411137375
Rfx5	0.123928784909385	-0.944284560226699	1.63233482249593	0.130970964100104	0.20628241348858	-5.71080343004024
Tfap2a	-0.119933271080041	2.19186284222854	-1.63216305943939	0.1310074275138	0.20628241348858	-5.71104706649569
Neurod1	0.0893524653145681	2.93427503707303	1.61578119109302	0.134526604140364	0.210659792197822	-5.73421220540464
Klf13	-0.105218514697406	-2.98851559796976	-1.60277230069426	0.13738029211036	0.213952913942364	-5.75250582246829
Otx2	0.181171130601372	1.52807029245093	1.55810892022448	0.147586272359781	0.2285983022964	-5.81461189545565
Ncoa1	0.201051943863414	4.29854911477108	1.55339624845071	0.148700836962278	0.229079667752699	-5.82110054252039
Stat3	0.130725590411722	0.489905007431051	1.49802679921548	0.16235328434993	0.24876712924586	-5.89638646924847
Foxa1	0.0902370671885639	-1.04535459041748	1.46632042061445	0.170647205845213	0.259758817912371	-5.9386895568958
Atf1	0.100013029774298	-0.581696555634897	1.46369601423609	0.171349676377283	0.259758817912371	-5.94216406148352
Gli2	-0.0950991969504957	-0.779243392535022	-1.4439481659143	0.176715086232388	0.265893213866639	-5.9681742640296
Prdm14	0.203443008347428	1.12124929029324	1.441963459409	0.177262142577759	0.265893213866639	-5.9707751498492
Zfp217	0.158708749874843	3.10605705640514	1.43022292915936	0.180527747478073	0.269373864037963	-5.98611093438195
Tcf3	0.0697409536888734	0.972393540638433	1.40864410584812	0.186662753992025	0.277077525456913	-6.01407372776114
Mnt	-0.0858246663538464	-5.00136250137797	-1.3851486750185	0.193541482261121	0.285799598157614	-6.04418535946139
Myc	0.138657144819501	8.08628103224901	1.37710477937181	0.195944789124375	0.287857035569314	-6.05441309961359
Hnf4g	0.088586186963678	0.389000677534002	1.36048319390746	0.20098992730386	0.292341334872812	-6.07541436861101
Foxm1	0.0665603684286578	1.75450825686188	1.36029136849411	0.201048777666916	0.292341334872812	-6.07565568669776
Bcl3	-0.0587056043563878	4.60328598510902	-1.34625286625249	0.205394724891058	0.297144652761175	-6.09325058628031
Hnf1b	-0.0936800904274548	-0.425976297531612	-1.31228043988159	0.216234321367425	0.311246371665232	-6.13528691716846
Tead4	0.167817443741516	2.96785021363175	1.29753679078218	0.221082772447077	0.316182273918589	-6.15328775886476
Ncoa3	0.205279539684365	4.46462516114704	1.29513099668473	0.221882297486729	0.316182273918589	-6.15621094976394
Pax6	0.0860474935084637	0.268141380424528	1.27339318281341	0.229213996138702	0.322728530066739	-6.18244282715498
Rest	0.0920822157892411	3.04265823230589	1.27327644427062	0.229253894863445	0.322728530066739	-6.18258281569066
Smad5	0.0655050316636592	2.48131879616372	1.27031149802944	0.230269140998993	0.322728530066739	-6.18613508370342
Sox6	0.105371591188116	1.34784621251092	1.26816711052502	0.23100568467935	0.322728530066739	-6.18870042515778
Klf3	0.0941181390869184	1.58282230738732	1.23713630452713	0.241878886930306	0.336270647683597	-6.22546041999986
Trp53	0.070690311572885	1.14462790773084	1.23316295790189	0.243300396950758	0.336604918111486	-6.23011800125194
Cdx2	-0.183373082671482	-2.53242906988723	-1.22423540953106	0.246518755477097	0.339409880729336	-6.24054165169897
E2f5	-0.056242634476142	1.4763031063674	-1.21214591896268	0.250931124886009	0.343823897079387	-6.25456556762476
Zfp263	-0.20275187179336	-3.94107618869388	-1.18132254427209	0.262465372204125	0.35632701482301	-6.28983887471948
Hoxa9	0.142154481277746	1.78490598964718	1.17943118891514	0.263186535978348	0.35632701482301	-6.29198051301092
Gatad1	0.0906696800813487	2.94148178943435	1.17780714949151	0.263807017991772	0.35632701482301	-6.29381734511452
Grhl2	-0.145613424838876	0.742112400014558	-1.17226397277003	0.265933521403199	0.357504969810904	-6.30007207082542
Clock	0.0980142890883899	1.76461921912317	1.14184711579407	0.277842356304463	0.37176089928062	-6.33398391937406
Hsf1	-0.0491787264620791	1.76372808562949	-1.12734912300057	0.283662672232725	0.377775054141713	-6.34990144030451
Zfp639	-0.0597983921589123	-4.66776333019723	-1.11552643910636	0.288478353021492	0.382401537726164	-6.36276261465152
Lhx2	0.130927803912087	0.326234221712185	1.11028802737315	0.2906321023262	0.383472912791514	-6.36842673938315
Nr2c2	0.0509112474399744	4.39401160414818	1.10536315797954	0.29266817798344	0.384379865093458	-6.37373247752865
Epas1	0.131725212419536	-0.617679022717434	1.09968924727538	0.295027455775934	0.384915539457316	-6.37982184677839
Tcf12	0.184141879265014	4.11348632506879	1.09775396918644	0.295835484440135	0.384915539457316	-6.38189310188893
Tcf7l2	-0.0608412736070715	-1.32155386545257	-1.09466720573571	0.297127784844244	0.384915539457316	-6.38519070458729
Zfp110	0.0565860896240444	0.0481576759309644	1.08562722781379	0.300937218775916	0.386338321401514	-6.39480529349245
Zfp369	0.0565860896240444	0.0481576759309644	1.08562722781379	0.300937218775916	0.386338321401514	-6.39480529349245
Maz	0.0662911634735579	4.93700681036996	1.02757980178483	0.326284603173987	0.417000501814289	-6.45499904327736
Rcor1	-0.0927155545687497	-2.80691576053635	-1.00588267969509	0.336155938106071	0.427698403393885	-6.4768010524989
Klf4	-0.0544861989830024	0.322171208537723	-0.945889683708405	0.364585083462053	0.461807772385267	-6.53505757982043
Dnmt3b	0.0527299401613438	-0.156025348352503	0.919307106052993	0.377716965748221	0.474226146423977	-6.55990082494614
Dnmt3c	0.0527299401613438	-0.156025348352503	0.919307106052993	0.377716965748221	0.474226146423977	-6.55990082494614
Mybl2	0.0683921634211804	2.00420913806956	0.912993798237972	0.38088413172529	0.476105164656613	-6.56571212256185
Ctcfl	0.0802275953783083	2.28060792254658	0.905174172912738	0.384832705143325	0.478940266226408	-6.57286232136965
Foxp2	0.0792997999359955	-2.98072480893856	0.901673872154567	0.386609433703916	0.479059515676592	-6.5760458365431
Trp63	-0.0649649524782434	-0.899184697047926	-0.885362862780004	0.394964016977101	0.486302362614084	-6.59074032803943
Fli1	0.0543532032311131	0.341555304317934	0.8836139165348	0.395867186408658	0.486302362614084	-6.59230217851376
Zfp384	0.128437040243564	7.021516769135	0.878776279558821	0.398372790359581	0.487280022542835	-6.59660836619554
Ascl1	0.109922637548587	1.11745963606638	0.874838872875963	0.400420162524808	0.487691223587908	-6.60009808270125
Trp73	0.089149487468989	1.70827915544766	0.846856301701489	0.415177926535288	0.503513655585349	-6.62450537500041
Mafk	0.122604156859884	2.052019362241	0.827296501405626	0.425708976922599	0.514097705181952	-6.64115298136175
Meis2	0.104150335295023	2.11072963226652	0.761553635679272	0.46239343891622	0.556042743000518	-6.69457377137226
Mafg	-0.0759712296075907	1.66348377217819	-0.716635139550576	0.488584101045983	0.583059180476804	-6.72878517400326
Foxk2	0.0683615692542325	5.23262760667214	0.716016019148834	0.488951382926162	0.583059180476804	-6.7292435397554
Kdm5b	-0.0539629220272468	2.64728470997242	-0.67837151629512	0.511600106887796	0.607477667243063	-6.75643309602776
Zbtb33	0.0406121702360367	1.75193725970704	0.67388149372222	0.514342781319676	0.607477667243063	-6.75958624327165
Cebpb	0.0632008511768187	-1.10936422170982	0.671463908366287	0.515823142009899	0.607477667243063	-6.76127603117548
Esr1	0.0626901609611408	1.34670903389451	0.667351755739097	0.518346925870039	0.607937752563626	-6.76413740515354
Klf6	-0.0381541637029219	6.05690963733227	-0.663053163711311	0.520992909457756	0.608204102269605	-6.76711119395879
Creb3l1	0.048132544387439	3.10938927496237	0.660056599441502	0.522842123003696	0.608204102269605	-6.76917374862957
Snapc4	0.0352763166091818	1.69596906440088	0.655572784593545	0.525616309727563	0.608945724684371	-6.77224387838465
Smad3	-0.0548497938345864	0.464255826507492	-0.625253409880453	0.544598864831616	0.628383305574942	-6.79249489026755
Nr4a1	0.0579881603233461	2.08466463906985	0.583274201434558	0.571511504079081	0.656777333316686	-6.81905654748313
Myod1	0.0613326381092403	1.74171781101196	0.573607558360846	0.577809874059067	0.661348651031462	-6.82492774428055
Zkscan1	0.0417607512271243	1.62644041595014	0.548679265932863	0.594222392338315	0.677413527265679	-6.83964131734765
Sox10	-0.0535977272775208	-1.7103686447217	-0.513423943821258	0.6178424234214	0.700367331601054	-6.85939214274121
Sox2	0.15673157616579	0.180020465124409	0.511312014299938	0.619272166889353	0.700367331601054	-6.86053569676296
Nrf1	0.0298893567110436	5.12024231296054	0.488772033572687	0.634633005334896	0.71490279257093	-6.87246012598903
Esrra	-0.0471034826681369	0.367271140001882	-0.483661456539847	0.638141319878945	0.716024709312989	-6.87509230098664
Arid1a	0.0392720715950361	4.40768421455462	0.460397652719528	0.654227664266559	0.731195624768507	-6.88673870275489
Nanog	-0.0592638845468811	-0.575375975276844	-0.449420821413917	0.661882704826238	0.736861604982335	-6.89204228425084
Stat4	0.0226987157509058	1.39804554154149	0.437451804799455	0.670275887336817	0.743302054050556	-6.89768464970877
Mta1	-0.0279415914843715	3.18607672528691	-0.427621134584098	0.677204965995498	0.748075253134562	-6.90220896199387
Mbd1	-0.0259980456888842	-2.59371673954624	-0.418397547242886	0.683734648304419	0.752372103346562	-6.90636344362896
Zeb1	-0.0230262838238824	-1.80310645143301	-0.383342484578504	0.708794659377487	0.776237186626725	-6.92135089134246
Rbpj	-0.0241345139605331	-1.17321854983047	-0.376902095041499	0.713439255039793	0.776237186626725	-6.92396581227471
Nfe2l1	-0.0367781537608076	2.56095523345787	-0.373470454972398	0.715919017298173	0.776237186626725	-6.92534149738032
Ssrp1	-0.0283153199931174	6.95007559982622	-0.37291997518154	0.716317123097644	0.776237186626725	-6.92556103385214
Nr2f6	-0.0203641798070078	-1.27397080003534	-0.319122304837505	0.755631333146084	0.815738371009977	-6.94548788147638
Atf3	0.0254101257868493	-4.22061933579605	0.314407211793292	0.759113687861591	0.816405286945484	-6.94708962985712
Lef1	-0.0306317441864401	0.276016883739997	-0.308770002931198	0.763284402734021	0.817804717215022	-6.94897389278883
Nfya	-0.0154537702483197	2.25529622299249	-0.30329068021052	0.767345839547285	0.819077019741484	-6.95077327369929
Tfap4	0.0250098182798428	1.51702626412669	0.298958638124178	0.770562058182571	0.819440994709077	-6.95217346959508
Sp2	-0.0167255862229196	2.38799379386971	-0.279899289311117	0.784765010108649	0.831442482828866	-6.95809822113303
Crem	-0.0254022993835741	2.90591265759268	-0.272379159583521	0.790391912082552	0.834302573864916	-6.96033012010297
Pbx3	-0.0322836281192109	1.8268673072919	-0.25542843487929	0.80312059604596	0.844610220933943	-6.9651408932381
Rara	-0.015769093410093	-0.0950882494827516	-0.244931344613101	0.811033375327024	0.849795999883095	-6.96796697098343
Ehf	-0.0220610429295789	0.142637950462355	-0.236962014455408	0.817055522994056	0.850221491276719	-6.97003418816293
Tfap2c	0.0198499386830077	-1.22424800675018	0.236498822477474	0.81740592494674	0.850221491276719	-6.97015225802995
Tead2	-0.0125295665965757	1.53742741983919	-0.193688625459367	0.849961433805752	0.880869122307779	-6.98007586198528
Zfp143	0.0185054598982877	3.64711560089697	0.171996836299511	0.866573654505836	0.894831491065809	-6.98435534839061
Gfi1b	-0.0122132551873086	4.3181580216441	-0.118405126455397	0.90788814394577	0.933762359018881	-6.99276065885554
Snai2	0.00878591106647253	-1.93110988900218	0.11047336860792	0.914030255216241	0.933762359018881	-6.99374190375579
Vdr	-0.00690300646454522	0.48266593042681	-0.110377920237982	0.914104204092167	0.933762359018881	-6.9937532985912
Junb	0.00770455103831269	3.50020122475126	0.0908294662919115	0.929266280209316	0.94586032092734	-6.99587984477898
Gata3	0.00749880716296802	1.3103769785888	0.0589112889550915	0.954082808215079	0.967664058154083	-6.99846490360213
Tead1	0.00832426980088563	4.02181295221288	0.0381797108493496	0.970230719748666	0.9794558434069	-6.99955393205817
Fos	0.00197059715368975	0.476282878068623	0.0281191733022904	0.978072409159888	0.9794558434069	-6.99991485026954
Gata6	-0.00298488408447506	0.973485762583328	-0.0278104152031895	0.978313113475284	0.9794558434069	-6.99992419474731
Hnf1a	0.00398833932616371	-1.81381546271817	0.0263446427544282	0.9794558434069	0.9794558434069	-6.99996714864333
